date,pfizer1,pfizer2,pfizer3,pfizer4,sinovac1,sinovac2,sinovac3,sinovac4,astra1,astra2,astra3,astra4,sinopharm1,sinopharm2,sinopharm3,sinopharm4,cansino1,cansino3,cansino4,pfizer,sinovac,astra,sinopharm,cansino
24/2/2021,65,1,0,0,0,2,0,0,0,0,0,0,0,0,0,0,0,0,0,66,2,0,0,0
25/2/2021,1147,0,0,0,0,2,0,0,0,0,0,0,0,0,0,0,0,0,0,1147,2,0,0,0
26/2/2021,4101,1,0,0,0,2,0,0,1,0,0,0,0,0,0,0,0,0,0,4102,2,1,0,0
27/2/2021,6699,1,0,0,1,5,0,0,0,0,0,0,0,0,0,0,0,0,0,6700,6,0,0,0
28/2/2021,6715,2,0,0,0,4,0,0,0,0,0,0,0,0,0,0,0,0,0,6717,4,0,0,0
1/3/2021,15391,4,0,0,0,2,0,0,0,0,0,0,0,0,0,0,0,0,0,15395,2,0,0,0
2/3/2021,21670,2,0,0,0,2,0,0,0,0,0,0,0,0,0,0,0,0,0,21672,2,0,0,0
3/3/2021,22679,4,0,0,2,2,0,0,0,0,0,0,0,0,0,0,0,0,0,22683,4,0,0,0
4/3/2021,19502,10,0,0,3,4,0,0,0,0,0,0,0,0,0,0,0,0,0,19512,7,0,0,0
5/3/2021,14368,3,0,0,1,3,0,0,0,0,0,0,0,0,0,0,0,0,0,14371,4,0,0,0
6/3/2021,15602,1,0,0,201,3,0,0,0,0,0,0,0,0,0,0,0,0,0,15603,204,0,0,0
7/3/2021,12588,5,0,0,3,2,0,0,0,0,0,0,0,0,0,0,0,0,0,12593,5,0,0,0
8/3/2021,27185,10,0,0,10,7,0,0,0,0,0,0,0,0,0,0,0,0,0,27195,17,0,0,0
9/3/2021,30033,10,0,0,32,53,0,0,0,0,0,0,0,0,0,0,0,0,0,30043,85,0,0,0
10/3/2021,28767,7,0,0,1,4,0,0,0,1,0,0,0,0,0,0,0,0,0,28774,5,1,0,0
11/3/2021,26508,4,0,0,1,4,0,0,0,0,0,0,0,0,0,0,4,0,0,26512,5,0,0,4
12/3/2021,26120,4,0,0,0,6,0,0,0,0,0,0,0,0,0,0,0,0,0,26124,6,0,0,0
13/3/2021,17054,1,0,0,0,2,0,0,0,0,0,0,0,0,0,0,0,0,0,17055,2,0,0,0
14/3/2021,10309,3,0,0,2,2,0,0,0,0,0,0,0,0,0,0,0,0,0,10312,4,0,0,0
15/3/2021,20181,1,0,0,0,2,0,0,0,0,0,0,0,0,0,0,0,0,0,20182,2,0,0,0
16/3/2021,25358,4,0,0,1,2,0,0,0,0,0,0,0,0,0,0,1,0,0,25362,3,0,0,1
17/3/2021,20794,64,0,0,2,3,0,0,0,0,0,0,0,0,0,0,0,0,0,20858,5,0,0,0
18/3/2021,17301,796,0,0,12,2,0,0,0,0,0,0,0,0,0,0,0,0,0,18097,14,0,0,0
19/3/2021,10742,3834,0,0,0,2,0,0,0,0,0,0,0,0,0,0,0,0,0,14576,2,0,0,0
20/3/2021,7699,6111,0,0,0,2,0,0,0,0,0,0,0,0,0,0,0,0,0,13810,2,0,0,0
21/3/2021,9713,5845,0,0,0,3,0,0,0,0,0,0,0,0,0,0,0,0,0,15558,3,0,0,0
22/3/2021,9716,14573,0,0,0,3,0,0,0,0,0,0,0,0,0,0,0,0,0,24289,3,0,0,0
23/3/2021,8299,20861,0,0,1,2,0,0,0,0,0,0,0,0,0,0,0,0,0,29160,3,0,0,0
24/3/2021,6290,22826,0,0,0,2,0,0,0,0,0,0,0,0,0,0,0,0,0,29116,2,0,0,0
25/3/2021,6351,19363,0,0,81,2,0,0,0,0,0,0,0,0,0,0,0,0,0,25714,83,0,0,0
26/3/2021,3765,12801,0,0,170,2,0,0,0,0,0,0,0,0,0,0,0,0,0,16566,172,0,0,0
27/3/2021,1230,14437,0,0,473,8,0,0,0,0,0,0,0,0,0,0,0,0,0,15667,481,0,0,0
28/3/2021,3410,12920,0,0,273,3,0,0,0,0,0,0,0,0,0,0,0,0,0,16330,276,0,0,0
29/3/2021,6307,27365,0,0,1552,4,0,0,0,0,0,0,0,0,0,0,0,0,0,33672,1556,0,0,0
30/3/2021,9367,29419,0,0,2157,3,0,0,0,0,0,0,0,0,0,0,0,0,0,38786,2160,0,0,0
31/3/2021,6585,27517,0,0,3342,2,0,0,0,0,0,0,0,0,0,0,0,0,0,34102,3344,0,0,0
1/4/2021,11184,26555,0,0,4698,3,0,0,0,0,0,0,0,0,0,0,0,0,0,37739,4701,0,0,0
2/4/2021,3918,22904,0,0,3650,5,0,0,0,0,0,0,0,0,0,0,0,0,0,26822,3655,0,0,0
3/4/2021,1520,14745,0,0,1141,5,0,0,0,0,0,0,0,0,0,0,0,0,0,16265,1146,0,0,0
4/4/2021,3153,9169,0,0,2809,4,0,0,0,0,0,0,0,0,0,0,0,0,0,12322,2813,0,0,0
5/4/2021,4226,19286,0,0,4979,6,0,0,0,0,0,0,0,0,0,0,0,0,0,23512,4985,0,0,0
6/4/2021,6585,21574,0,0,4445,6,0,0,0,0,0,0,0,0,0,0,0,0,0,28159,4451,0,0,0
7/4/2021,6457,18323,0,0,6266,4,0,0,0,0,0,0,0,0,0,0,0,0,0,24780,6270,0,0,0
8/4/2021,5883,14787,0,0,6209,23,0,0,0,0,0,0,0,0,0,0,0,0,0,20670,6232,0,0,0
9/4/2021,4365,14370,0,0,2859,23,0,0,0,0,0,0,0,0,0,0,3,0,0,18735,2882,0,0,3
10/4/2021,3857,10030,0,0,1816,44,0,0,0,0,0,0,0,0,0,0,0,0,0,13887,1860,0,0,0
11/4/2021,10219,10711,0,0,2257,9,0,0,0,0,0,0,0,0,0,0,0,0,0,20930,2266,0,0,0
12/4/2021,22584,13958,0,0,2788,2,0,0,0,0,0,0,0,0,0,0,0,0,0,36542,2790,0,0,0
13/4/2021,12124,7696,0,0,4688,3,0,0,0,1,0,0,0,0,0,0,0,0,0,19820,4691,1,0,0
14/4/2021,17530,7748,0,0,3414,4,0,0,0,0,0,0,0,0,0,0,0,0,0,25278,3418,0,0,0
15/4/2021,13926,9088,0,0,4177,81,0,0,0,0,0,0,0,0,0,0,0,0,0,23014,4258,0,0,0
16/4/2021,12555,3635,0,0,3070,292,0,0,0,0,0,0,0,0,0,0,0,0,0,16190,3362,0,0,0
17/4/2021,7031,655,0,0,1546,458,0,0,0,0,0,0,0,0,0,0,0,0,0,7686,2004,0,0,0
18/4/2021,5420,3544,0,0,742,222,0,0,0,0,0,0,0,0,0,0,0,0,0,8964,964,0,0,0
19/4/2021,22986,7117,0,0,1686,1374,0,0,1,0,0,0,0,0,0,0,0,0,0,30103,3060,1,0,0
20/4/2021,18619,9254,0,0,3465,2040,0,0,0,0,0,0,0,0,0,0,0,0,0,27873,5505,0,0,0
21/4/2021,14745,7962,0,0,1097,3918,0,0,0,0,0,0,0,0,0,0,0,0,0,22707,5015,0,0,0
22/4/2021,13331,10747,0,0,1066,4431,0,0,0,0,0,0,0,0,0,0,0,0,0,24078,5497,0,0,0
23/4/2021,10914,4123,0,0,1306,2576,0,0,0,0,0,0,0,0,0,0,0,0,0,15037,3882,0,0,0
24/4/2021,7654,1945,0,0,336,1445,0,0,0,0,0,0,0,0,0,0,0,0,0,9599,1781,0,0,0
25/4/2021,9039,3247,0,0,76,2492,0,0,0,0,0,0,0,0,0,0,0,0,0,12286,2568,0,0,0
26/4/2021,20528,4587,0,0,845,4359,0,0,0,0,0,0,0,0,0,0,0,0,0,25115,5204,0,0,0
27/4/2021,21946,6824,0,0,880,5074,0,0,0,0,0,0,0,0,0,0,0,0,0,28770,5954,0,0,0
28/4/2021,25057,6243,0,0,1417,7022,0,0,0,0,0,0,0,0,0,0,0,0,0,31300,8439,0,0,0
29/4/2021,6212,3299,0,0,260,2770,0,0,0,0,0,0,0,0,0,0,0,0,0,9511,3030,0,0,0
30/4/2021,17171,5810,0,0,628,3104,0,0,0,0,0,0,0,0,0,0,0,0,0,22981,3732,0,0,0
1/5/2021,2370,2550,0,0,562,24,0,0,0,0,0,0,0,0,0,0,0,0,0,4920,586,0,0,0
2/5/2021,6637,7355,0,0,1023,768,0,0,0,0,0,0,0,0,0,0,0,0,0,13992,1791,0,0,0
3/5/2021,22917,22138,0,0,907,4612,0,0,719,0,0,0,0,0,0,0,0,0,0,45055,5519,719,0,0
4/5/2021,27660,14702,0,0,2481,4999,0,0,2,0,0,0,0,0,0,0,0,0,0,42362,7480,2,0,0
5/5/2021,22190,19740,0,0,5339,3172,0,0,4615,0,0,0,0,0,0,0,1,0,0,41930,8511,4615,0,1
6/5/2021,26289,13811,0,0,7220,4978,0,0,3595,0,0,0,0,0,0,0,0,0,0,40100,12198,3595,0,0
7/5/2021,17415,11275,0,0,11369,4217,0,0,3586,0,0,0,0,0,0,0,0,0,0,28690,15586,3586,0,0
8/5/2021,12351,7122,0,0,2718,1325,0,0,3654,1,0,0,0,0,0,0,0,0,0,19473,4043,3655,0,0
9/5/2021,17348,5834,0,0,4975,769,0,0,3611,0,0,0,0,0,0,0,2,0,0,23182,5744,3611,0,2
10/5/2021,26116,21903,0,0,7067,2979,0,0,3567,0,0,0,0,0,0,0,0,0,0,48019,10046,3567,0,0
11/5/2021,21771,16370,0,0,5128,2089,0,0,3658,0,0,0,0,0,0,0,0,0,0,38141,7217,3658,0,0
12/5/2021,5405,7569,0,0,1478,262,0,0,3469,0,0,0,0,0,0,0,0,0,0,12974,1740,3469,0,0
13/5/2021,2,4,0,0,111,7,0,0,0,0,0,0,0,0,0,0,0,0,0,6,118,0,0,0
14/5/2021,1,0,0,0,60,9,0,0,0,0,0,0,0,0,0,0,0,0,0,1,69,0,0,0
15/5/2021,441,597,0,0,153,6,0,0,9806,1,0,0,0,0,0,0,0,0,0,1038,159,9807,0,0
16/5/2021,12,203,0,0,8,131,0,0,10028,0,0,0,0,0,0,0,0,0,0,215,139,10028,0,0
17/5/2021,19916,26872,0,0,2082,1344,0,0,10529,0,0,0,0,0,0,0,0,0,0,46788,3426,10529,0,0
18/5/2021,30670,30002,0,0,4654,2413,0,0,10560,1,0,0,0,0,0,0,0,0,0,60672,7067,10561,0,0
19/5/2021,30366,32342,0,0,9313,1818,0,0,10589,1,0,0,0,0,0,0,0,0,0,62708,11131,10590,0,0
20/5/2021,32959,20831,0,0,15266,1183,0,0,11128,1,0,0,0,0,0,0,0,0,0,53790,16449,11129,0,0
21/5/2021,19141,18250,0,0,12072,665,0,0,11085,0,0,0,0,0,0,0,0,0,0,37391,12737,11085,0,0
22/5/2021,14079,2531,0,0,19720,837,0,0,9465,0,0,0,0,0,0,0,0,0,0,16610,20557,9465,0,0
23/5/2021,12266,7164,0,0,15200,1270,0,0,10599,1,0,0,0,0,0,0,0,0,0,19430,16470,10600,0,0
24/5/2021,25359,24822,0,0,31026,1337,0,0,13408,2,0,0,0,0,0,0,0,0,0,50181,32363,13410,0,0
25/5/2021,23934,27746,0,0,32678,3061,0,0,13314,1,0,0,0,0,0,0,0,0,0,51680,35739,13315,0,0
26/5/2021,2646,1632,0,0,4141,279,0,0,13770,1,0,0,0,0,0,0,0,0,0,4278,4420,13771,0,0
27/5/2021,19040,41725,0,0,26527,7967,0,0,13376,0,0,0,0,0,0,0,0,0,0,60765,34494,13376,0,0
28/5/2021,14780,18566,0,0,18737,9072,0,0,13474,0,0,0,0,0,0,0,0,0,0,33346,27809,13474,0,0
29/5/2021,17774,12353,0,0,19803,2742,0,0,13577,0,0,0,0,0,0,0,0,0,0,30127,22545,13577,0,0
30/5/2021,9745,17182,0,0,15354,7267,0,0,13342,1,0,0,0,0,0,0,0,0,0,26927,22621,13343,0,0
31/5/2021,24493,24488,0,0,29606,4241,0,0,13599,3,0,0,0,0,0,0,0,0,0,48981,33847,13602,0,0
1/6/2021,30752,21256,0,0,30713,3215,0,0,14070,2,0,0,0,0,0,0,0,0,0,52008,33928,14072,0,0
2/6/2021,36272,8012,0,0,46289,1887,0,0,14551,1,0,0,0,0,0,0,0,0,0,44284,48176,14552,0,0
3/6/2021,38917,3268,0,0,57754,4620,0,0,14821,1,0,0,0,0,0,0,0,0,0,42185,62374,14822,0,0
4/6/2021,27591,2749,0,0,43085,2244,0,0,15826,1,0,0,0,0,0,0,0,0,0,30340,45329,15827,0,0
5/6/2021,34213,1339,0,0,22745,65,0,0,15302,2,0,0,0,0,0,0,0,0,0,35552,22810,15304,0,0
6/6/2021,38671,1524,0,0,28498,96,0,0,14052,0,0,0,0,0,0,0,0,0,0,40195,28594,14052,0,0
7/6/2021,11300,3578,0,0,31288,1531,0,0,18270,0,0,0,0,0,0,0,0,0,0,14878,32819,18270,0,0
8/6/2021,51266,41394,0,0,36647,5022,0,0,20661,3,0,0,0,0,0,0,0,0,0,92660,41669,20664,0,0
9/6/2021,61426,31662,0,0,39005,9159,0,0,15957,1,0,0,0,0,0,0,0,0,0,93088,48164,15958,0,0
10/6/2021,52140,32893,0,0,40043,14624,0,0,21680,3,0,0,0,0,0,0,1,0,0,85033,54667,21683,0,1
11/6/2021,31005,18699,0,0,40683,11607,0,0,24427,2,0,0,0,0,0,0,0,0,0,49704,52290,24429,0,0
12/6/2021,40172,14468,0,0,42664,19640,0,0,20599,2,0,0,0,0,0,0,0,0,0,54640,62304,20601,0,0
13/6/2021,43164,12555,0,0,40108,14465,0,0,21736,0,0,0,0,0,0,0,0,0,0,55719,54573,21736,0,0
14/6/2021,54873,25316,0,0,68090,30660,0,0,25060,1,0,0,0,0,0,0,0,0,0,80189,98750,25061,0,0
15/6/2021,59841,24155,0,0,82558,32126,0,0,24454,0,0,0,0,0,0,0,0,0,0,83996,114684,24454,0,0
16/6/2021,70841,3412,0,0,111444,4894,0,0,23892,3,0,0,0,0,0,0,0,0,0,74253,116338,23895,0,0
17/6/2021,59771,18780,0,0,99565,25704,0,0,25754,0,0,0,0,0,0,0,0,0,0,78551,125269,25754,0,0
18/6/2021,40877,14592,0,0,86818,18197,0,0,25275,0,0,0,0,0,0,0,0,0,0,55469,105015,25275,0,0
19/6/2021,51854,16519,0,0,64150,19831,0,0,19868,0,0,0,0,0,0,0,0,0,0,68373,83981,19868,0,0
20/6/2021,37430,8960,0,0,66037,15297,0,0,19020,0,0,0,0,0,0,0,0,0,0,46390,81334,19020,0,0
21/6/2021,47685,25256,0,0,117340,29540,0,0,25193,2,0,0,2,0,0,0,0,0,0,72941,146880,25195,2,0
22/6/2021,48483,30749,0,0,127144,30335,0,0,23593,8,0,0,0,0,0,0,0,0,0,79232,157479,23601,0,0
23/6/2021,38743,35334,0,0,123465,44868,0,0,22996,1,0,0,0,0,0,0,0,0,0,74077,168333,22997,0,0
24/6/2021,32841,37778,0,0,127105,57035,0,0,23055,7,0,0,0,0,0,0,0,0,0,70619,184140,23062,0,0
25/6/2021,28763,26459,0,0,104171,41851,0,0,21951,4,0,0,0,0,0,0,0,0,0,55222,146022,21955,0,0
26/6/2021,34106,34422,0,0,90054,21978,0,0,18345,1,0,0,0,0,0,0,1,0,0,68528,112032,18346,0,1
27/6/2021,22564,38416,0,0,72684,27838,0,0,16479,1,0,0,0,0,0,0,0,0,0,60980,100522,16480,0,0
28/6/2021,41691,11629,0,0,103906,32016,0,0,20849,5,0,0,1,0,0,0,0,0,0,53320,135922,20854,1,0
29/6/2021,31158,49385,0,0,106660,36162,0,0,20988,3,0,0,0,0,0,0,0,0,0,80543,142822,20991,0,0
30/6/2021,27953,58509,0,0,124756,38328,0,0,21313,9,0,0,0,0,0,0,0,0,0,86462,163084,21322,0,0
1/7/2021,27368,47640,0,0,134966,38980,0,0,21409,15,0,0,0,0,0,0,1,0,0,75008,173946,21424,0,1
2/7/2021,28248,30138,0,0,119905,40594,0,0,22018,17,0,0,0,0,0,0,0,0,0,58386,160499,22035,0,0
3/7/2021,25950,38849,0,0,100197,40542,0,0,18628,8,0,0,0,0,0,0,0,0,0,64799,140739,18636,0,0
4/7/2021,27186,42675,0,0,88924,38153,0,0,18944,6,0,0,0,0,0,0,0,0,0,69861,127077,18950,0,0
5/7/2021,34630,54134,0,0,150253,66686,0,0,21658,702,0,0,0,0,0,0,0,0,0,88764,216939,22360,0,0
6/7/2021,38365,57552,0,0,156758,81694,0,0,21797,22,0,0,0,0,0,0,0,0,0,95917,238452,21819,0,0
7/7/2021,39856,63150,0,0,157436,109006,0,0,21561,4388,0,0,0,0,0,0,0,0,0,103006,266442,25949,0,0
8/7/2021,40567,58875,0,0,167848,98406,0,0,21627,3367,0,0,0,0,0,0,0,0,0,99442,266254,24994,0,0
9/7/2021,43482,40916,0,0,155357,85409,0,0,21935,3445,0,0,0,0,0,0,0,0,0,84398,240766,25380,0,0
10/7/2021,51615,49693,0,0,149713,63628,0,0,18473,3518,0,0,0,0,0,0,0,0,0,101308,213341,21991,0,0
11/7/2021,50728,37544,0,0,125709,62466,0,0,18384,3445,0,0,0,0,0,0,0,0,0,88272,188175,21829,0,0
12/7/2021,74439,46056,0,0,176331,113609,0,0,21118,3434,0,0,0,0,0,0,0,0,0,120495,289940,24552,0,0
13/7/2021,70378,46576,0,0,179468,121373,0,0,18616,3524,0,0,0,0,0,0,0,0,0,116954,300841,22140,0,0
14/7/2021,82065,40029,0,0,192143,120757,0,0,21055,3355,0,0,0,0,0,0,0,0,0,122094,312900,24410,0,0
15/7/2021,101668,36309,0,0,192729,125038,0,0,23403,32,0,0,0,0,0,0,0,0,0,137977,317767,23435,0,0
16/7/2021,95927,32109,0,0,165236,102120,0,0,22616,65,0,0,0,0,0,0,1,0,0,128036,267356,22681,0,1
17/7/2021,97039,35301,0,0,148784,88013,0,0,18623,9439,0,0,0,0,0,0,0,0,0,132340,236797,28062,0,0
18/7/2021,98608,24920,0,0,134542,69625,0,0,19263,9623,0,0,0,0,0,0,0,0,0,123528,204167,28886,0,0
19/7/2021,129756,39135,0,0,137588,105171,0,0,21503,10192,0,0,0,1,0,0,0,0,0,168891,242759,31695,1,0
20/7/2021,71661,11723,0,0,118119,81603,0,0,18817,10205,0,0,0,0,0,0,0,0,0,83384,199722,29022,0,0
21/7/2021,124231,32549,0,0,144533,127804,0,0,20157,10328,0,0,0,0,0,0,0,0,0,156780,272337,30485,0,0
22/7/2021,170597,33419,0,0,152271,132828,0,0,20603,10713,0,0,1,0,0,0,0,0,0,204016,285099,31316,1,0
23/7/2021,148848,31864,0,0,146158,122093,0,0,19733,10685,0,0,0,0,0,0,0,0,0,180712,268251,30418,0,0
24/7/2021,148728,26966,0,0,129743,101531,0,0,17572,9143,0,0,0,0,0,0,0,0,0,175694,231274,26715,0,0
25/7/2021,138216,26965,0,0,136223,87775,0,0,18138,10333,0,0,0,0,0,0,0,0,0,165181,223998,28471,0,0
26/7/2021,191827,35651,0,0,132905,147113,0,0,18176,12968,0,0,0,0,0,0,0,0,0,227478,280018,31144,0,0
27/7/2021,214313,38747,0,0,133993,154269,0,0,18357,12995,0,0,0,0,0,0,0,0,0,253060,288262,31352,0,0
28/7/2021,206164,39046,0,0,157289,154699,0,0,12108,13602,0,0,0,0,0,0,2,0,0,245210,311988,25710,0,2
29/7/2021,213009,42108,0,0,136371,163479,0,0,13852,13116,0,0,0,0,0,0,4,0,0,255117,299850,26968,0,4
30/7/2021,168998,42868,0,0,149118,147295,0,0,15073,13056,0,0,1,0,0,0,0,0,0,211866,296413,28129,1,0
31/7/2021,170776,49426,0,0,151142,145361,0,0,14403,12916,0,0,0,0,0,0,2,0,0,220202,296503,27319,0,2
1/8/2021,156451,48816,0,0,141486,123991,0,0,12716,12890,0,0,0,0,0,0,2,0,0,205267,265477,25606,0,2
2/8/2021,157351,71482,0,0,75743,167753,0,0,4037,13029,0,0,0,0,0,0,0,0,0,228833,243496,17066,0,0
3/8/2021,179818,68037,0,0,70160,169754,0,0,4090,13240,0,0,0,0,0,0,1,0,0,247855,239914,17330,0,1
4/8/2021,179739,78805,0,0,58929,181092,0,0,4370,13681,0,0,0,0,0,0,1,0,0,258544,240021,18051,0,1
5/8/2021,165022,99287,0,0,66701,190145,0,0,4311,13705,0,0,0,0,0,0,1,0,0,264309,256846,18016,0,1
6/8/2021,125948,93345,0,0,65117,157882,0,0,14474,14858,0,0,0,0,0,0,1,0,0,219293,222999,29332,0,1
7/8/2021,110325,89127,0,0,72462,143681,0,0,22306,14564,0,0,0,0,0,0,1,0,0,199452,216143,36870,0,1
8/8/2021,79978,93872,0,0,68395,131928,0,0,24014,14071,0,0,0,0,0,0,1,0,0,173850,200323,38085,0,1
9/8/2021,98959,128745,0,0,66882,136481,0,0,37749,19757,0,0,0,0,0,0,4,0,0,227704,203363,57506,0,4
10/8/2021,77093,69986,0,0,65566,113487,0,0,34550,18162,0,0,0,0,0,0,2,0,0,147079,179053,52712,0,2
11/8/2021,101631,122869,0,0,99964,136365,0,0,43675,15700,0,0,0,0,0,0,5,0,0,224500,236329,59375,0,5
12/8/2021,85230,166541,0,0,95940,146305,0,0,37438,21361,0,0,0,0,0,0,2,0,0,251771,242245,58799,0,2
13/8/2021,55434,144990,0,0,105198,142281,0,0,25488,24118,0,0,0,0,0,0,2,0,0,200424,247479,49606,0,2
14/8/2021,40814,144517,0,0,115049,125004,0,0,25761,20430,0,0,0,0,0,0,0,0,0,185331,240053,46191,0,0
15/8/2021,35454,130611,0,0,104035,130101,0,0,18911,21287,0,0,0,0,0,0,1,0,0,166065,234136,40198,0,1
16/8/2021,39503,180809,0,0,131817,129600,0,0,20092,25200,0,0,0,0,0,0,0,0,0,220312,261417,45292,0,0
17/8/2021,36155,198120,0,0,143724,128517,0,0,19587,23892,0,0,0,0,0,0,4,0,0,234275,272241,43479,0,4
18/8/2021,33022,187556,0,0,155218,153840,0,0,19310,23827,0,0,0,0,0,0,4,0,0,220578,309058,43137,0,4
19/8/2021,37415,191235,0,0,141374,136040,0,0,18564,25109,0,0,0,0,0,0,3,0,0,228650,277414,43673,0,3
20/8/2021,65695,167907,0,0,98258,149006,0,0,9558,25076,0,0,0,1,0,0,1,0,0,233602,247264,34634,1,1
21/8/2021,76735,158172,0,0,89235,148021,0,0,9766,20066,0,0,0,0,0,0,10,0,0,234907,237256,29832,0,10
22/8/2021,75332,154514,0,0,66659,141084,0,0,8595,19255,0,0,0,0,0,0,2,0,0,229846,207743,27850,0,2
23/8/2021,102054,156545,0,0,49364,74499,0,0,11391,25190,0,0,0,0,0,0,0,0,0,258599,123863,36581,0,0
24/8/2021,105093,183333,0,0,53195,70403,0,0,12267,23128,0,0,0,0,0,0,1,0,0,288426,123598,35395,0,1
25/8/2021,111385,189480,0,0,55318,63164,0,0,10175,23022,0,0,0,0,0,0,0,0,0,300865,118482,33197,0,0
26/8/2021,111141,170081,0,0,49838,72516,0,0,11889,22877,0,0,0,0,0,0,1979,0,0,281222,122354,34766,0,1979
27/8/2021,101950,128346,0,0,47337,67170,0,0,10513,21561,0,0,0,0,0,0,1392,0,0,230296,114507,32074,0,1392
28/8/2021,104169,108314,0,0,46651,76719,0,0,12771,18524,0,0,0,0,0,0,6986,0,0,212483,123370,31295,0,6986
29/8/2021,107358,80242,0,0,35021,73949,0,0,12659,16308,0,0,0,0,0,0,7746,0,0,187600,108970,28967,0,7746
30/8/2021,152609,100769,0,0,32845,70283,0,0,11005,20952,0,0,0,0,0,0,4263,0,0,253378,103128,31957,0,4263
31/8/2021,103941,70653,0,0,16747,64284,0,0,8728,21001,0,0,0,0,0,0,2566,0,0,174594,81031,29729,0,2566
1/9/2021,157265,107017,1,0,32087,98245,2,0,12345,21555,0,0,0,0,0,0,2750,0,0,264283,130334,33900,0,2750
2/9/2021,160656,86801,1,0,23401,95846,6,0,13205,21605,0,0,0,0,0,0,3684,0,0,247458,119253,34810,0,3684
3/9/2021,125352,63271,1,0,25587,111268,1,0,6291,22127,0,0,0,0,0,0,5906,0,0,188624,136856,28418,0,5906
4/9/2021,114801,46763,6,0,24205,115420,0,0,9285,18772,0,0,0,0,0,0,7530,0,0,161570,139625,28057,0,7530
5/9/2021,115776,42347,0,0,21395,102412,3,0,8791,19112,0,0,0,0,0,0,7095,0,0,158123,123810,27903,0,7095
6/9/2021,118596,46950,1,0,19221,128535,2,0,5658,21884,0,0,0,1,0,0,3004,0,0,165547,147758,27542,1,3004
7/9/2021,122651,41138,0,0,19920,141884,2,0,2127,22133,0,0,0,0,0,0,2513,0,0,163789,161806,24260,0,2513
8/9/2021,110957,38116,0,0,24303,151436,7,0,3562,21584,0,0,0,0,0,0,2231,0,0,149073,175746,25146,0,2231
9/9/2021,118009,42649,0,0,23733,139547,2,0,3705,21912,0,0,0,0,0,0,4112,0,0,160658,163282,25617,0,4112
10/9/2021,97151,68923,2,0,19560,100647,2,0,3152,22280,0,0,0,0,0,0,6353,0,0,166076,120209,25432,0,6353
11/9/2021,76612,75892,44,0,18709,87837,2,0,1353,18924,0,0,0,0,0,0,7588,0,0,152548,106548,20277,0,7588
12/9/2021,69415,74732,50,0,13997,67070,45,0,1033,18629,0,0,0,0,0,0,5998,0,0,144197,81112,19662,0,5998
13/9/2021,61383,97496,2,0,16107,50697,0,0,1089,21304,0,0,0,0,0,0,4105,0,0,158881,66804,22393,0,4105
14/9/2021,60416,108552,0,0,17315,56830,3,0,720,18908,0,0,0,0,0,0,5698,0,0,168968,74148,19628,0,5698
15/9/2021,60587,116404,2,0,13106,58247,4,0,1069,21338,0,0,0,0,0,0,3713,0,0,176993,71357,22407,0,3713
16/9/2021,55583,82997,1,0,10433,45411,0,0,435,23166,0,0,0,0,0,0,3100,0,0,138581,55844,23601,0,3100
17/9/2021,69809,104431,1,0,10844,52114,5,0,605,22493,0,0,0,0,0,0,3497,0,0,174241,62963,23098,0,3497
18/9/2021,68335,104308,0,0,10055,48757,1,0,695,18799,0,0,32,0,0,0,4562,0,0,172643,58813,19494,32,4562
19/9/2021,58072,110387,1,0,8422,38521,0,0,155,20546,0,0,28,0,0,0,3122,0,0,168460,46943,20701,28,3122
20/9/2021,91281,149912,0,0,9984,36578,2,0,166,22417,0,0,104,0,0,0,2593,0,0,241193,46564,22583,104,2593
21/9/2021,119159,103965,3,0,7752,20382,2,0,592,20447,0,0,127,0,0,0,3751,0,0,223127,28136,21039,127,3751
22/9/2021,118667,153913,0,0,8051,34234,3,0,44,21579,0,0,130,0,0,0,5136,0,0,272580,42288,21623,130,5136
23/9/2021,131337,159264,0,0,7722,26449,2,0,58,21258,0,0,200,0,0,0,2177,0,0,290601,34173,21316,200,2177
24/9/2021,116026,120258,1,0,7361,27683,1,0,77,19830,0,0,136,1,0,0,1227,0,0,236285,35045,19907,137,1227
25/9/2021,114305,111235,2,0,5280,26904,3,0,557,17994,0,0,67,0,0,0,2348,0,0,225542,32187,18551,67,2348
26/9/2021,115036,112735,6,0,5634,24303,1,0,465,23827,0,0,49,0,0,0,1842,0,0,227777,29938,24292,49,1842
27/9/2021,170085,115500,3,0,5712,22203,2,0,330,23448,0,0,95,0,0,0,1069,0,0,285588,27917,23778,95,1069
28/9/2021,168587,121790,8,0,4982,22674,1,0,355,23692,0,0,57,0,0,0,2600,0,0,290385,27657,24047,57,2600
29/9/2021,191604,113551,1,0,4821,24203,5,0,764,19603,0,0,120,0,0,0,1389,0,0,305156,29029,20367,120,1389
30/9/2021,165906,121894,14,0,5273,25928,3,0,287,20777,0,0,143,0,0,0,3860,0,0,287814,31204,21064,143,3860
1/10/2021,102342,87185,17,0,3274,19823,4,0,87,34954,0,0,138,1,0,0,1608,0,0,189544,23101,35041,139,1608
2/10/2021,89363,76864,5,0,3276,19585,1,0,119,33140,0,0,116,0,0,0,1775,0,0,166232,22862,33259,116,1775
3/10/2021,96273,70726,6,0,2969,13919,1,0,17,33592,0,0,133,0,0,0,773,0,0,167005,16889,33609,133,773
4/10/2021,126145,63192,120,0,3746,14793,2,0,149,27274,0,0,142,0,0,0,1536,0,0,189457,18541,27423,142,1536
5/10/2021,122272,62468,103,0,3571,17401,4,0,136,26947,0,0,119,0,0,0,2181,0,0,184843,20976,27083,119,2181
6/10/2021,112229,63535,39,0,3172,13459,2,0,168,24651,0,0,171,0,0,0,2506,0,0,175803,16633,24819,171,2506
7/10/2021,106099,56823,67,0,3854,10938,0,0,22,25418,0,0,210,0,0,0,2101,0,0,162989,14792,25440,210,2101
8/10/2021,71906,68777,608,0,3870,12385,5,0,26,25329,0,0,221,0,0,0,1772,0,0,141291,16260,25355,221,1772
9/10/2021,38161,61609,4,0,2730,13414,18,0,78,34300,0,0,164,23,0,0,1466,0,0,99774,16162,34378,187,1466
10/10/2021,30769,59899,3,0,2183,10314,2,0,15,33312,0,0,162,28,0,0,837,0,0,90671,12499,33327,190,837
11/10/2021,50908,89359,40,0,3032,12006,2,0,87,39120,0,0,201,104,0,0,1862,0,0,140307,15040,39207,305,1862
12/10/2021,54064,119498,57,0,3142,10669,138,0,72,28065,0,0,158,126,0,0,1812,0,0,173619,13949,28137,284,1812
13/10/2021,50267,115751,2203,0,2745,10468,17,0,52,34746,0,0,220,136,0,0,1517,0,0,168221,13230,34798,356,1517
14/10/2021,39036,131978,3307,0,2943,9526,17,0,55,27526,7,0,334,184,0,0,2115,0,0,174321,12486,27588,518,2115
15/10/2021,34018,111109,10367,0,3050,8680,30,0,28,16602,13,0,201,127,0,0,1906,0,0,155494,11760,16643,328,1906
16/10/2021,14145,97604,3599,1,2066,5312,28,0,10,14559,0,0,241,74,0,0,708,0,0,115349,7406,14569,315,708
17/10/2021,15294,108144,2730,0,1557,4928,2,0,3,8635,0,0,194,40,0,0,1251,0,0,126168,6487,8638,234,1251
18/10/2021,29734,158057,9195,0,3025,5740,32,0,15,9805,1,0,330,88,0,0,1264,0,0,196986,8797,9821,418,1264
19/10/2021,13213,112455,1411,1,1801,2381,1,0,2,7640,0,0,193,36,0,0,989,0,0,127080,4183,7642,229,989
20/10/2021,28481,204459,17305,1,2292,4856,21,0,84,10088,1,0,263,155,6,0,1302,0,0,250246,7169,10173,424,1302
21/10/2021,29503,175380,20560,0,2865,5540,12,0,8,11907,2,0,330,125,3,0,1645,3,0,225443,8417,11917,458,1648
22/10/2021,25083,106759,18834,0,2720,4201,51,0,8,7031,1,0,288,125,0,0,2052,0,0,150676,6972,7040,413,2052
23/10/2021,10081,89402,8375,1,1712,3986,8,0,4,6773,2,0,187,98,1,0,592,0,0,107859,5706,6779,286,592
24/10/2021,9238,101735,8616,1,2045,2742,1,0,12,6579,1,0,167,90,0,0,900,7,0,119590,4788,6592,257,907
25/10/2021,21636,134978,22326,2,2150,4355,13,0,4,6109,5,0,279,126,0,0,1337,0,0,178942,6518,6118,405,1337
26/10/2021,22708,129647,22740,4,2206,6153,29,0,5,4903,6,0,257,131,0,0,1132,4,0,175099,8388,4914,388,1136
27/10/2021,17369,117251,28235,9,1971,5940,40,0,5,3906,12,0,368,193,4,0,1323,0,0,162864,7951,3923,565,1323
28/10/2021,17587,110514,52970,586,1965,5792,115,1,7,3124,6,0,257,197,43,0,1316,0,0,181657,7873,3137,497,1316
29/10/2021,13324,77406,45676,286,2003,4318,80,2,1,1931,1,0,279,196,19,0,711,1,0,136692,6403,1933,494,712
30/10/2021,5121,43817,21039,104,1862,3196,65,1,0,4245,0,0,217,154,20,2,555,1,0,70081,5124,4245,393,556
31/10/2021,4824,36315,16944,78,1576,2232,42,0,1,5001,1,0,155,136,5,0,406,0,0,58161,3850,5003,296,406
1/11/2021,7767,50666,44532,223,1666,3451,156,0,4,3583,0,0,293,208,15,1,547,0,0,103188,5273,3587,517,547
2/11/2021,8058,52616,57584,302,1281,3620,262,1,8,2013,0,0,331,154,15,1,785,1,0,118560,5164,2021,501,786
3/11/2021,6998,40052,65134,266,1362,3160,462,0,0,1265,1,0,308,252,31,0,475,0,0,112450,4984,1266,591,475
4/11/2021,2249,15831,21214,77,751,1787,215,0,0,1570,0,0,124,272,1,0,242,0,0,39371,2753,1570,397,242
5/11/2021,4432,25852,47952,159,1257,3414,446,4,0,2407,0,0,212,187,50,0,175,0,0,78395,5121,2407,449,175
6/11/2021,3382,9098,25301,98,1425,1992,477,26,56,2549,1,0,155,205,27,0,229,0,0,37879,3920,2606,387,229
7/11/2021,2462,11710,22280,67,1184,1591,421,1,0,1243,0,0,98,115,14,0,202,0,0,36519,3197,1243,227,202
8/11/2021,5312,40959,59695,225,1215,3347,584,4,3,1060,1,0,160,299,18,0,308,0,0,106191,5150,1064,477,308
9/11/2021,6723,28132,78585,328,1388,2400,593,2,1,752,0,0,242,220,30,0,441,0,0,113768,4383,753,492,441
10/11/2021,6633,35763,86877,303,1409,2783,727,2,4,858,0,0,189,299,13,0,429,0,0,129576,4921,862,501,429
11/11/2021,7478,39364,93880,317,1353,3276,881,7,0,1849,1,0,194,311,39,0,627,0,0,141039,5517,1850,544,627
12/11/2021,6086,30099,75101,255,1244,2863,1066,10,1,1600,0,0,425,264,41,0,305,0,0,111541,5183,1601,730,305
13/11/2021,2402,13515,38083,172,1152,1814,979,11,2,788,0,0,171,190,42,1,392,0,0,54172,3956,790,404,392
14/11/2021,2606,9003,30985,74,868,1755,528,1,4,248,14,0,113,175,18,0,420,0,0,42668,3152,266,306,420
15/11/2021,4747,23760,70859,291,1013,2494,1516,6,349,684,11,0,142,230,34,0,541,0,0,99657,5029,1044,406,541
16/11/2021,5777,21829,89802,380,1009,2656,1392,3,16,1687,36,0,155,257,38,1,502,0,0,117788,5060,1739,451,502
17/11/2021,5139,17792,92905,308,1101,2352,1562,1,20,793,19,0,228,383,47,0,253,0,0,116144,5016,832,658,253
18/11/2021,6120,18128,97402,298,1069,2541,1716,18,9,497,33,1,198,254,36,1,373,0,0,121948,5344,540,489,373
19/11/2021,5591,14568,82059,293,1140,2387,1954,12,11,281,12,0,154,300,65,1,485,0,0,102511,5493,304,520,485
20/11/2021,2313,3941,36668,107,783,1829,1746,10,12,651,10,0,95,164,70,1,176,0,0,43029,4368,673,330,176
21/11/2021,1821,3555,29629,62,624,1364,1465,10,210,186,12,0,93,145,42,0,66,1,0,35067,3463,408,280,67
22/11/2021,3953,9799,92527,260,998,2043,2492,8,141,397,38,0,184,278,94,0,34,0,0,106539,5541,576,556,34
23/11/2021,4393,8974,120093,336,818,1711,3114,18,158,191,26,0,146,247,55,0,67,0,0,133796,5661,375,448,67
24/11/2021,4203,6866,124013,319,866,1734,4509,17,201,169,18,0,165,311,92,0,58,0,0,135401,7126,388,568,58
25/11/2021,4738,4149,126506,301,760,1252,4539,24,402,757,121,2,145,191,118,1,121,0,0,135694,6575,1282,455,121
26/11/2021,4009,4906,98995,183,857,1607,5057,32,92,319,171,1,139,211,98,0,54,0,0,108093,7553,583,448,54
27/11/2021,1820,3775,42187,89,600,1630,6184,34,120,43,85,0,99,176,98,1,25,0,0,47871,8448,248,374,25
28/11/2021,1726,2493,34047,53,379,960,3518,13,0,37,190,1,80,110,119,1,229,0,0,38319,4870,228,310,229
29/11/2021,3864,5222,93163,271,669,1485,6656,29,40,277,401,1,104,145,148,0,148,1,0,102520,8839,719,397,149
30/11/2021,4022,6706,117473,296,716,1574,7361,31,0,157,305,0,100,213,114,0,571,0,0,128497,9682,462,427,571
1/12/2021,3952,6084,120475,301,811,1421,12369,57,0,140,514,1,107,183,111,1,839,1,0,130812,14658,655,402,840
2/12/2021,4593,7330,124241,323,836,1477,15278,49,2,218,281,3,113,224,107,1,246,2,0,136487,17640,504,445,248
3/12/2021,3530,5312,100863,213,857,1301,16684,56,0,120,176,0,133,388,135,0,184,0,0,109918,18898,296,656,184
4/12/2021,2633,3000,48701,93,534,1158,14332,54,9,81,865,4,118,181,114,0,443,0,0,54427,16078,959,413,443
5/12/2021,1240,2150,41871,105,426,740,9401,23,6,2,800,1,88,115,115,1,422,0,0,45366,10590,809,319,422
6/12/2021,4045,4925,70757,245,738,1258,18855,59,0,143,746,1,130,150,204,2,563,0,0,79972,20910,890,486,563
7/12/2021,3899,5556,94310,328,786,1168,22234,71,1,117,865,0,105,123,188,0,357,0,0,104093,24259,983,416,357
8/12/2021,3957,5104,93983,235,825,1317,23232,88,0,85,1285,0,125,157,248,0,308,12,0,103279,25462,1370,530,320
9/12/2021,4142,6289,105441,294,757,1290,26290,72,0,146,1016,7,112,216,118,0,470,4,0,116166,28409,1169,446,474
10/12/2021,3227,5509,92199,42,617,1419,23225,23,0,91,1566,3,94,161,128,0,335,0,0,100977,25284,1660,383,335
11/12/2021,956,1943,51525,25,444,760,17610,33,8,36,538,0,58,59,88,1,110,0,0,54449,18847,582,206,110
12/12/2021,1121,1666,50658,65,330,646,14286,26,2,19,676,1,51,72,47,0,153,6,0,53510,15288,698,170,159
13/12/2021,3421,4097,101950,69,613,985,20729,23,4,138,1578,2,76,153,104,0,210,0,0,109537,22350,1722,333,210
14/12/2021,3459,4189,132797,81,633,908,22233,24,2,149,1745,2,61,142,69,0,279,0,0,140526,23798,1898,272,279
15/12/2021,3496,4201,139599,55,665,1040,23629,29,12,69,1461,3,85,167,43,1,376,0,0,147351,25363,1545,296,376
16/12/2021,3760,5284,142861,83,592,888,21602,34,5,108,1758,3,109,149,113,0,260,3,0,151988,23116,1874,371,263
17/12/2021,2409,3782,133407,74,595,992,22236,47,23,73,1472,3,91,138,100,0,202,0,0,139672,23870,1571,329,202
18/12/2021,698,1334,56268,23,439,739,12600,19,0,39,1375,3,44,76,58,0,205,4,0,58323,13797,1417,178,209
19/12/2021,1091,1586,63009,154,241,325,12005,35,4,28,2543,14,10,41,39,0,296,1,0,65840,12606,2589,90,297
20/12/2021,2791,3599,118736,396,537,785,21254,110,1,57,1654,10,64,114,73,0,216,0,0,125522,22686,1722,251,216
21/12/2021,2777,3772,142386,340,453,729,19531,61,3,31,2139,11,78,87,40,0,176,1,0,149275,20774,2184,205,177
22/12/2021,2703,3887,149397,201,528,740,20740,50,5,30,3254,7,74,100,47,0,283,26,0,156188,22058,3296,221,309
23/12/2021,3133,4438,150487,268,412,848,19099,120,1,67,3409,6,80,114,34,0,191,13,0,158326,20479,3483,228,204
24/12/2021,1826,3019,119135,310,439,921,16391,52,6,50,2559,4,44,101,35,0,105,0,0,124290,17803,2619,180,105
25/12/2021,374,983,20174,64,124,301,2922,24,1,1,1159,1,28,63,24,0,93,1,1,21595,3371,1162,115,95
26/12/2021,660,973,53063,118,194,450,8096,44,6,10,2175,6,20,71,18,2,59,0,0,54814,8784,2197,111,59
27/12/2021,2821,4355,103590,245,483,710,17593,68,4,75,3025,11,43,140,49,1,197,23,1,111011,18854,3115,233,221
28/12/2021,2902,3990,120337,313,531,751,19069,64,9,28,9613,8,54,138,35,0,204,10,0,127542,20415,9658,227,214
29/12/2021,2982,4149,148701,156,404,789,18636,48,19,47,14257,22,47,96,42,0,222,16,0,155988,19877,14345,185,238
30/12/2021,3000,4053,164895,328,447,723,18759,46,8,69,17818,28,40,115,45,0,171,3,0,172276,19975,17923,200,174
31/12/2021,2305,3646,146198,229,451,721,15507,35,5,20,16922,24,32,100,27,0,285,2,0,152378,16714,16971,159,287
1/1/2022,397,571,27304,85,108,228,2629,9,14,0,10949,37,24,44,15,0,68,0,0,28357,2974,11000,83,68
2/1/2022,1092,1019,73426,166,272,338,7704,47,8,17,12726,9,4,31,24,0,120,0,0,75703,8361,12760,59,120
3/1/2022,2464,3329,174341,328,375,598,11898,45,13,13,20796,15,24,80,59,0,166,1,0,180462,12916,20837,163,167
4/1/2022,2501,3322,207402,224,395,627,11587,39,9,26,20389,19,39,50,46,1,272,43,0,213449,12648,20443,136,315
5/1/2022,2407,3303,206792,187,382,669,11918,40,9,47,24700,23,49,69,45,0,270,16,0,212689,13009,24779,163,286
6/1/2022,2554,3741,211101,205,392,701,11658,28,25,43,27392,46,37,144,51,0,255,16,0,217601,12779,27506,232,271
7/1/2022,2255,2730,174982,171,476,645,12290,56,14,39,28132,53,57,90,57,0,191,0,0,180138,13467,28238,204,191
8/1/2022,896,658,92347,387,334,498,9110,32,11,14,23634,112,34,40,73,1,106,1,0,94288,9974,23771,148,107
9/1/2022,685,1128,79052,236,266,239,7328,21,19,10,23685,28,15,39,23,0,254,1,0,81101,7854,23742,77,255
10/1/2022,1733,2697,165546,200,415,478,12939,124,6,26,43837,47,43,72,57,0,220,15,0,170176,13956,43916,172,235
11/1/2022,1826,2699,194595,265,349,464,11551,37,17,32,46575,52,38,65,40,0,80,5,0,199385,12401,46676,143,85
12/1/2022,1696,2685,195404,186,353,496,12302,25,22,19,47663,39,27,76,33,0,190,84,2,199971,13176,47743,136,276
13/1/2022,1892,2984,205655,279,302,447,11880,23,27,30,48673,45,25,82,21,0,116,93,0,210810,12652,48775,128,209
14/1/2022,1520,1798,172259,263,251,431,12462,45,30,36,50250,60,15,37,39,0,91,351,2,175840,13189,50376,91,444
15/1/2022,801,507,101955,322,208,205,8115,16,19,12,58117,30,10,16,19,0,224,2,0,103585,8544,58178,45,226
16/1/2022,706,636,82908,286,153,204,6836,15,26,12,58198,52,13,18,24,0,46,1,0,84536,7208,58288,55,47
17/1/2022,1657,2704,167393,283,291,397,10494,26,24,14,64517,140,34,54,29,0,147,16,0,172037,11208,64695,117,163
18/1/2022,829,1184,88788,330,219,272,6277,26,17,11,35451,39,17,43,21,0,55,55,0,91131,6794,35518,81,110
19/1/2022,1727,3823,192314,184,257,397,10464,20,34,33,63752,28,23,48,39,0,402,301,1,198048,11138,63847,110,704
20/1/2022,1615,3041,182851,232,175,356,8536,35,26,34,56230,50,10,48,18,0,146,25,0,187739,9102,56340,76,171
21/1/2022,1340,2535,142678,619,210,314,6372,25,12,7,47588,198,7,13,13,0,84,285,0,147172,6921,47805,33,369
22/1/2022,821,506,103460,447,212,188,6102,43,26,13,48786,168,10,40,24,0,61,40,0,105234,6545,48993,74,101
23/1/2022,655,795,81650,232,148,204,4555,12,18,17,45872,87,7,9,6,0,97,3,1,83332,4919,45994,22,101
24/1/2022,1663,2361,152497,370,221,333,8612,33,26,14,41699,43,17,28,30,0,234,35,0,156891,9199,41782,75,269
25/1/2022,1971,2365,160258,218,198,410,8196,21,24,25,44883,34,17,27,19,0,78,25,3,164812,8825,44966,63,106
26/1/2022,1480,2101,155674,175,202,370,8335,28,27,26,44634,37,10,44,18,0,126,36,0,159430,8935,44724,72,162
27/1/2022,1508,2311,152243,254,194,355,7490,32,28,11,45059,43,5,37,12,0,177,70,1,156316,8071,45141,54,248
28/1/2022,1452,2044,128574,300,214,497,8202,25,26,42,41741,81,9,41,19,0,153,249,1,132370,8938,41890,69,403
29/1/2022,587,614,66006,131,159,282,4854,17,8,12,27636,46,9,51,12,0,49,258,1,67338,5312,27702,72,308
30/1/2022,405,576,53258,125,93,210,3548,11,21,11,24680,52,8,8,4,0,56,3,0,54364,3862,24764,20,59
31/1/2022,845,1392,71903,241,132,296,6117,28,20,12,17891,28,15,27,4,0,53,47,0,74381,6573,17951,46,100
1/2/2022,195,208,20746,56,27,95,808,3,3,3,7171,10,0,14,12,0,33,0,0,21205,933,7187,26,33
2/2/2022,197,288,21505,51,60,112,1504,10,15,4,6832,18,5,24,2,0,80,5,0,22041,1686,6869,31,85
3/2/2022,2386,2326,74543,206,143,358,7366,23,20,13,16302,32,15,28,2,0,112,43,0,79461,7890,16367,45,155
4/2/2022,2574,1581,68478,169,197,279,7126,25,11,9,12298,14,8,18,4,0,40,2,0,72802,7627,12332,30,42
5/2/2022,15854,569,45719,119,148,226,4411,11,12,5,8269,24,3,16,9,0,88,22,0,62261,4796,8310,28,110
6/2/2022,16453,624,41763,82,89,137,3485,14,46,15,8235,19,5,14,8,0,59,3,0,58922,3725,8315,27,62
7/2/2022,9455,1919,89948,307,287,392,6772,20,18,11,14483,12,14,30,7,0,100,173,0,101629,7471,14524,51,273
8/2/2022,10942,1328,116831,298,302,266,10848,38,14,17,17079,20,13,9,22,0,90,22,0,129399,11454,17130,44,112
9/2/2022,14363,1773,124572,295,281,312,14351,56,24,16,14783,26,15,19,25,0,186,45,3,141003,15000,14849,59,234
10/2/2022,18646,1591,128694,310,308,283,15125,37,17,15,13451,17,14,16,29,0,146,38,0,149241,15753,13500,59,184
11/2/2022,20952,1412,116478,287,518,271,13407,44,13,12,11193,21,14,9,24,0,132,521,19,139129,14240,11239,47,672
12/2/2022,40157,548,88558,234,271,210,9223,28,24,8,8382,47,6,13,24,0,107,35,0,129497,9732,8461,43,142
13/2/2022,35841,482,69183,193,177,250,6865,29,15,10,8273,27,2,10,5,0,102,19,0,105699,7321,8325,17,121
14/2/2022,39377,1243,92540,260,378,292,12143,37,15,11,7135,22,12,27,24,0,206,12,2,133420,12850,7183,63,220
15/2/2022,42958,1369,93944,238,456,343,11636,20,24,12,7293,13,8,28,25,0,244,22,0,138509,12455,7342,61,266
16/2/2022,45957,1372,99023,234,297,199,13160,37,22,5,7739,16,9,9,15,0,332,111,2,146586,13693,7782,33,445
17/2/2022,54854,1379,99399,219,402,373,12795,34,35,16,8056,11,2,14,11,0,79,167,1,155851,13604,8118,27,247
18/2/2022,44384,1355,94703,258,408,244,13018,35,32,12,8454,29,20,21,16,0,166,107,0,140700,13705,8527,57,273
19/2/2022,73915,505,63825,169,299,162,9343,33,13,8,6284,13,11,14,21,0,72,38,0,138414,9837,6318,46,110
20/2/2022,61911,392,53936,142,165,90,7331,27,25,10,6790,20,2,4,8,0,76,2,0,116381,7613,6845,14,78
21/2/2022,53631,954,69111,173,273,179,10347,26,39,18,6473,9,5,7,11,0,68,56,0,123869,10825,6539,23,124
22/2/2022,53039,577,80181,264,308,101,10723,34,45,15,7077,13,13,4,10,0,59,37,1,134061,11166,7150,27,97
23/2/2022,49240,466,80579,221,306,132,10137,30,16,11,6424,15,6,3,18,1,48,79,1,130506,10605,6466,28,128
24/2/2022,48743,843,75903,209,277,173,9425,35,12,13,5143,18,16,17,18,0,96,274,4,125698,9910,5186,51,374
25/2/2022,45487,906,73477,351,276,192,9859,22,32,9,5253,9,5,6,12,0,64,104,0,120221,10349,5303,23,168
26/2/2022,56124,583,53058,129,173,145,6740,26,7,3,4883,11,5,4,22,2,201,7,0,109894,7084,4904,33,208
27/2/2022,42696,512,49275,111,133,120,6193,16,7,10,4500,5,1,10,32,0,203,2,0,92594,6462,4522,43,205
28/2/2022,34982,1111,70096,223,280,285,8179,30,4,10,4441,15,9,7,26,0,80,29,0,106412,8774,4470,42,109
1/3/2022,27005,1163,66397,281,236,237,5512,13,9,9,3800,11,13,15,19,0,33,34,1,94846,5998,3829,47,68
2/3/2022,27540,1219,62805,187,175,294,4622,20,14,21,4028,9,11,12,4,0,54,15,0,91751,5111,4072,27,69
3/3/2022,24191,1330,64722,269,215,252,4517,16,7,13,3860,7,8,10,13,0,49,12,0,90512,5000,3887,31,61
4/3/2022,23178,1388,50645,141,523,319,4502,17,6,7,3476,6,7,6,61,0,74,12,0,75352,5361,3495,74,86
5/3/2022,30269,871,33577,133,707,208,2346,11,7,5,2234,5,11,8,242,1,158,16,0,64850,3272,2251,262,174
6/3/2022,24504,816,28004,84,486,138,2190,4,9,19,2157,5,9,5,255,3,150,5,0,53408,2818,2190,272,155
7/3/2022,14113,1545,41343,174,2292,344,3244,14,6,11,2536,6,138,17,165,0,68,3,0,57175,5894,2559,320,71
8/3/2022,17092,1642,43153,157,2811,262,3158,10,1,9,2177,10,137,20,209,0,208,49,0,62044,6241,2197,366,257
9/3/2022,16293,1605,38247,97,2801,291,2433,5,6,9,2510,3,93,10,204,2,62,4,0,56242,5530,2528,309,66
10/3/2022,17761,1621,38703,111,2647,250,2616,25,105,23,2399,1,86,12,123,0,93,62,0,58196,5538,2528,221,155
11/3/2022,21898,1576,28610,107,2470,293,2323,15,15,17,2261,2,111,18,192,0,110,23,0,52191,5101,2295,321,133
12/3/2022,23310,1175,17258,53,2990,232,1960,12,223,10,1303,4,74,7,76,1,111,131,1,41796,5194,1540,158,243
13/3/2022,21067,1293,17558,59,2640,165,1582,8,69,14,1417,9,124,5,122,1,127,67,0,39977,4395,1509,252,194
14/3/2022,13326,1867,31299,114,1562,292,2648,4,22,12,2214,5,82,6,112,1,187,99,0,46606,4506,2253,201,286
15/3/2022,16415,1657,33741,100,2053,250,2772,15,23,15,1819,5,88,13,100,0,92,82,1,51913,5090,1862,201,175
16/3/2022,12533,1528,30704,158,936,212,2066,18,9,13,1095,3,67,6,153,3,432,53,5,44923,3232,1120,229,490
17/3/2022,13039,1790,28406,97,991,223,1735,9,13,27,1192,4,51,24,75,0,327,63,0,43332,2958,1236,150,390
18/3/2022,18250,1491,18707,82,1082,284,1615,28,15,20,675,1,61,9,67,0,114,19,1,38530,3009,711,137,134
19/3/2022,15332,990,15532,50,1083,197,1371,2,5,6,1231,1,88,15,125,1,197,15,0,31904,2653,1243,229,212
20/3/2022,10105,909,14299,46,610,120,1001,3,24,8,1453,8,43,20,133,1,231,20,0,25359,1734,1493,197,251
21/3/2022,4487,1550,19127,72,598,258,1899,12,29,12,1326,3,47,7,113,1,67,3,0,25236,2767,1370,168,70
22/3/2022,6169,1305,19287,74,510,229,1674,3,19,22,985,2,33,3,127,0,54,11,0,26835,2416,1028,163,65
23/3/2022,5940,1229,18308,102,400,186,1696,15,17,16,953,8,39,4,67,0,181,8,0,25579,2297,994,110,189
24/3/2022,6552,1477,18479,59,368,189,1593,3,26,14,1112,2,30,9,124,0,192,68,0,26567,2153,1154,163,260
25/3/2022,12387,1174,16570,68,662,286,2097,10,24,11,891,0,36,1,69,0,101,4,0,30199,3055,926,106,105
26/3/2022,13099,813,13940,46,678,231,2098,10,21,15,1579,5,45,15,146,0,43,395,4,27898,3017,1620,206,442
27/3/2022,6350,752,13336,39,392,139,1939,4,7,12,1792,3,28,3,177,1,52,141,7,20477,2474,1814,209,200
28/3/2022,4280,1447,30104,103,471,289,4322,9,37,25,2396,11,25,14,107,1,159,29,0,35934,5091,2469,147,188
29/3/2022,5810,1334,34260,135,405,258,5127,26,41,31,2468,11,19,17,184,2,176,45,0,41539,5816,2551,222,221
30/3/2022,5397,1156,37605,136,329,276,5779,29,24,22,3244,9,8,11,133,2,172,4,0,44294,6413,3299,154,176
31/3/2022,7297,1675,41044,121,458,300,5804,26,22,129,2893,14,8,8,103,0,68,53,0,50137,6588,3058,119,121
1/4/2022,10245,2381,19473,90,697,372,1900,8,9,19,1322,1,23,7,44,0,199,16,0,32189,2977,1351,74,215
2/4/2022,8944,5429,10188,35,624,621,1004,6,4,9,724,3,12,12,4,0,38,73,0,24596,2255,740,28,111
3/4/2022,2545,10390,3331,8,280,450,387,3,10,8,601,1,3,6,10,0,23,1,0,16274,1120,620,19,24
4/4/2022,2981,7924,9835,49,345,1245,1020,6,16,12,654,2,3,10,5,0,5,8,0,20789,2616,684,18,13
5/4/2022,3069,7678,10703,56,330,1748,951,5,8,10,532,2,1,4,5,0,32,32,0,21506,3034,552,10,64
6/4/2022,3266,10812,10300,51,287,1554,807,10,12,10,503,0,5,4,7,0,342,20,0,24429,2658,525,16,362
7/4/2022,4159,14392,9739,53,367,1751,767,5,7,10,597,3,2,6,2,0,15,83,0,28343,2890,617,10,98
8/4/2022,6665,19315,7613,31,572,2330,650,1,69,28,475,2,2,9,8,0,73,39,0,33624,3553,574,19,112
9/4/2022,6968,27546,5387,21,536,2841,552,3,15,4,1045,4,7,2,4,0,23,0,0,39922,3932,1068,13,23
10/4/2022,3917,28319,5381,33,407,1985,501,4,9,6,603,1,0,2,4,0,9,10,0,37650,2897,619,6,19
11/4/2022,4502,32627,8925,45,364,1253,835,14,7,27,669,2,1,9,5,0,10,12,0,46099,2466,705,15,22
12/4/2022,4723,33654,7632,59,272,1396,583,8,16,15,386,2,3,4,4,0,41,15,0,46068,2259,419,11,56
13/4/2022,5796,35823,6914,35,259,939,469,4,12,14,470,1,2,1,4,0,50,34,0,48568,1671,497,7,84
14/4/2022,8812,43551,7095,53,405,1013,481,9,7,18,709,1,3,7,7,0,27,37,0,59511,1908,735,17,64
15/4/2022,11578,40570,5141,81,557,1260,429,12,8,5,372,1,2,4,1,0,20,0,0,57370,2258,386,7,20
16/4/2022,14990,62321,3921,128,721,1560,323,14,5,2,347,0,1,2,1,0,24,4,0,81360,2618,354,4,28
17/4/2022,10982,46890,3030,122,865,914,262,6,19,6,363,2,0,0,3,0,110,0,0,61024,2047,390,3,110
18/4/2022,9455,42262,5593,210,379,778,351,19,6,9,534,3,0,3,9,0,29,15,0,57520,1527,552,12,44
19/4/2022,7819,36988,4170,240,345,513,357,20,1,15,358,0,1,2,2,0,20,15,0,49217,1235,374,5,35
20/4/2022,11886,46833,5098,298,208,416,320,12,0,9,292,3,3,3,1,0,41,24,0,64115,956,304,7,65
21/4/2022,14791,43260,6440,344,247,439,290,10,2,8,336,4,2,0,2,0,57,66,0,64835,986,350,4,123
22/4/2022,16940,46109,4410,381,555,729,283,15,3,8,297,1,0,3,3,0,23,10,0,67840,1582,309,6,33
23/4/2022,18041,57276,2873,307,597,849,239,18,2,10,222,0,2,7,5,0,23,0,0,78497,1703,234,14,23
24/4/2022,12247,40457,2488,256,380,567,165,10,2,8,295,2,0,0,0,0,14,2,0,55448,1122,307,0,16
25/4/2022,8092,28282,4230,603,289,388,228,11,3,9,204,2,1,0,3,0,40,8,0,41207,916,218,4,48
26/4/2022,7364,24058,4264,626,273,333,269,13,5,18,336,5,0,0,4,0,142,7,0,36312,888,364,4,149
27/4/2022,8562,24098,3911,736,267,303,261,12,1,9,273,2,0,2,0,0,45,30,0,37307,843,285,2,75
28/4/2022,8583,21457,3985,805,227,355,187,8,14,3,231,4,1,2,1,0,11,8,0,34830,777,252,4,19
29/4/2022,11061,26518,2821,777,462,711,193,20,11,3,128,1,0,1,0,0,6,1,0,41177,1386,143,1,7
30/4/2022,7360,27629,1792,395,413,585,166,23,1,4,90,1,2,0,0,0,3,1,0,37176,1187,96,2,4
1/5/2022,2258,10232,460,249,108,173,49,5,0,2,38,0,0,1,2,0,5,0,0,13199,335,40,3,5
2/5/2022,765,1646,331,319,33,58,23,7,0,0,0,0,0,0,0,0,0,0,0,3061,121,0,0,0
3/5/2022,619,1115,210,226,17,32,28,10,0,1,6,0,1,1,0,0,0,0,0,2170,87,7,2,0
4/5/2022,669,1463,341,437,48,107,27,5,0,0,103,6,0,0,0,0,1,1,0,2910,187,109,0,2
5/5/2022,2118,7874,1502,1456,199,375,123,40,3,1,58,24,0,1,2,0,6,1,0,12950,737,86,3,7
6/5/2022,4347,14069,1409,1440,212,436,129,45,3,2,34,0,0,2,2,0,4,0,0,21265,822,39,4,4
7/5/2022,4958,18078,1173,862,202,476,97,40,1,6,71,6,0,1,1,0,6,2,0,25071,815,84,2,8
8/5/2022,7945,20177,1310,700,220,416,88,32,7,3,71,24,0,0,0,0,6,2,0,30132,756,105,0,8
9/5/2022,8589,17606,2630,2280,236,367,141,62,1,3,114,35,1,0,4,2,11,4,0,31105,806,153,7,15
10/5/2022,10076,17036,3104,2484,259,298,193,68,3,3,196,46,0,0,1,0,9,3,0,32700,818,248,1,12
11/5/2022,12902,16190,3215,2771,219,284,144,97,3,3,220,24,1,0,1,2,11,71,0,35078,744,250,4,82
12/5/2022,17649,18799,3740,2476,357,380,170,63,31,3,398,52,2,2,1,0,23,8,3,42664,970,484,5,34
13/5/2022,22540,28939,2716,1953,551,571,151,53,0,1,142,10,0,0,1,0,8,2,0,56148,1326,153,1,10
14/5/2022,17517,26685,2070,1537,461,664,122,40,7,3,134,24,1,1,4,0,0,8,0,47809,1287,168,6,8
15/5/2022,9904,13833,1143,786,220,442,72,19,6,2,97,4,0,0,0,0,56,1,0,25666,753,109,0,57
16/5/2022,2331,5355,1574,1737,442,230,151,52,1,6,101,39,0,0,3,0,17,1,0,10997,875,147,3,18
17/5/2022,3459,9196,2640,2437,125,339,117,54,2,13,99,23,0,0,0,0,208,1,0,17732,635,137,0,209
18/5/2022,3492,6948,2411,2260,119,206,118,51,0,2,98,28,0,0,1,0,36,5,0,15111,494,128,1,41
19/5/2022,4666,8271,2823,2494,151,243,160,40,16,4,250,32,0,0,5,0,41,25,0,18254,594,302,5,66
20/5/2022,7904,13648,1934,1557,217,400,113,45,0,2,59,4,1,0,2,0,10,16,0,25043,775,65,3,26
21/5/2022,7458,14145,1394,998,917,490,80,51,0,6,64,28,0,2,2,0,3,1,0,23995,1538,98,4,4
22/5/2022,5980,8541,1235,773,411,320,62,21,27,6,92,30,0,1,0,0,6,0,0,16529,814,155,1,6
23/5/2022,3725,4682,1796,1495,86,211,95,36,0,4,74,26,0,0,2,0,109,33,2,11698,428,104,2,144
24/5/2022,3991,5151,2112,1814,139,197,127,42,5,6,148,12,1,1,1,0,87,60,0,13068,505,171,3,147
25/5/2022,4071,5005,2072,1646,82,179,107,46,0,9,82,8,0,0,1,0,229,71,0,12794,414,99,1,300
26/5/2022,6395,6266,2759,1802,162,164,113,52,9,2,101,23,0,0,3,0,28,301,1,17222,491,135,3,330
27/5/2022,9029,10664,1844,1453,241,375,92,29,0,6,94,27,0,0,1,2,19,4,0,22990,737,127,3,23
28/5/2022,8610,10202,1152,950,168,411,94,66,5,8,37,23,0,0,2,0,5,3,0,20914,739,73,2,8
29/5/2022,7033,6643,988,603,121,193,52,17,22,146,77,26,0,0,0,0,14,1,0,15267,383,271,0,15
30/5/2022,5749,4570,1909,1501,135,142,123,41,1,8,67,14,0,0,0,0,91,2,0,13729,441,90,0,93
31/5/2022,7857,4537,2052,1730,157,152,114,37,1,7,79,21,1,0,0,0,30,1,0,16176,460,108,1,31
1/6/2022,827,2551,1527,1159,33,87,97,39,0,10,28,12,0,0,0,0,41,1,1,6064,256,50,0,43
2/6/2022,932,4053,1438,1096,35,142,82,41,0,4,28,11,0,0,0,0,7,0,0,7519,300,43,0,7
3/6/2022,2174,6561,1114,894,74,231,82,19,1,5,26,5,0,0,0,0,58,1,0,10743,406,37,0,59
4/6/2022,2113,5463,727,665,62,220,81,30,0,3,22,15,1,3,2,3,0,0,0,8968,393,40,9,0
5/6/2022,1548,3000,550,433,52,177,35,9,0,5,20,7,0,0,0,0,5,0,0,5531,273,32,0,5
6/6/2022,338,1241,417,491,22,103,37,21,0,1,9,2,2,0,0,0,3,0,0,2487,183,12,2,3
7/6/2022,537,3454,1551,1129,61,196,289,21,0,0,11,6,1,0,0,0,95,2,0,6671,567,17,1,97
8/6/2022,661,3634,1502,1019,48,202,82,35,1,1,20,8,0,0,2,0,10,1,0,6816,367,30,2,11
9/6/2022,690,5545,1769,1340,68,247,116,23,0,1,15,24,0,1,0,1,93,191,2,9344,454,40,2,286
10/6/2022,1157,9231,1414,1086,64,392,106,24,1,0,27,10,0,1,0,0,20,400,3,12888,586,38,1,423
11/6/2022,799,9713,739,774,60,1026,62,30,2,2,20,14,1,0,2,0,6,2,0,12025,1178,38,3,8
12/6/2022,1061,6312,587,488,31,224,68,25,0,4,38,12,0,0,0,0,0,0,1,8448,348,54,0,1
13/6/2022,407,5415,1148,913,37,158,112,27,0,0,14,5,2,0,2,0,5,3,0,7883,334,19,4,8
14/6/2022,750,4608,1516,1130,22,134,120,38,0,4,25,14,0,1,0,0,34,6,0,8004,314,43,1,40
15/6/2022,1287,6189,1173,1055,34,109,89,33,10,1,19,16,0,0,3,0,6,0,1,9704,265,46,3,7
16/6/2022,572,9470,1474,1092,42,143,83,28,0,5,24,10,0,0,1,0,70,0,0,12608,296,39,1,70
17/6/2022,883,14611,1185,1145,55,221,76,17,0,0,15,4,0,1,2,0,17,0,0,17824,369,19,3,17
18/6/2022,1187,13748,760,849,44,229,63,21,0,1,33,17,0,1,0,0,5,1,0,16544,357,51,1,6
19/6/2022,897,8978,496,432,33,140,31,6,0,1,18,10,0,0,0,0,1,0,0,10803,210,29,0,1
20/6/2022,556,5193,1189,829,45,93,75,28,1,0,14,8,1,0,3,0,3,10,0,7767,241,23,4,13
21/6/2022,700,4864,1253,1097,31,119,78,30,0,0,32,4,1,0,1,1,21,0,1,7914,258,36,3,22
22/6/2022,1096,6454,1216,1478,66,112,78,42,2,1,20,13,0,0,6,0,102,32,1,10244,298,36,6,135
23/6/2022,2389,8039,1322,1962,40,104,80,79,0,1,40,21,0,0,0,0,2,1,0,13712,303,62,0,3
24/6/2022,2870,13279,1242,2288,83,250,117,65,0,2,32,45,1,0,1,0,28,2,0,19679,515,79,2,30
25/6/2022,1236,9573,687,1712,45,170,74,89,0,0,25,27,1,0,1,0,1,1,0,13208,378,52,2,2
26/6/2022,834,5065,487,1365,41,128,35,27,1,2,23,0,0,0,1,0,1,0,0,7751,231,26,1,1
27/6/2022,280,2134,908,2360,46,122,80,84,0,1,36,39,0,3,0,2,0,0,1,5682,332,76,5,1
28/6/2022,235,1657,1046,2602,21,90,127,83,0,3,34,76,0,1,1,0,2,3,0,5540,321,113,2,5
29/6/2022,318,1785,1007,2374,21,53,83,86,1,0,33,39,0,0,0,0,7,2,0,5484,243,73,0,9
30/6/2022,526,3175,1495,2784,45,91,74,93,3,3,38,44,0,1,3,0,175,1,0,7980,303,88,4,176
1/7/2022,1025,5175,922,2499,48,97,69,80,0,0,16,53,0,0,1,0,1,1,0,9621,294,69,1,2
2/7/2022,997,4890,538,2286,43,90,65,85,0,0,15,45,2,0,3,1,0,0,0,8711,283,60,6,0
3/7/2022,405,5149,572,1556,28,54,59,22,0,5,33,65,0,0,0,0,48,24,0,7682,163,103,0,72
4/7/2022,253,3330,966,2330,21,70,70,80,0,1,37,59,1,0,2,0,133,1,0,6879,241,97,3,134
5/7/2022,537,4411,965,2696,26,66,50,80,0,0,25,63,0,2,3,0,93,20,0,8609,222,88,5,113
6/7/2022,227,6575,934,2657,24,60,61,71,0,0,15,81,0,0,0,0,90,26,0,10393,216,96,0,116
7/7/2022,604,10562,1177,3678,28,56,50,122,1,1,72,79,0,0,1,1,3,16,0,16021,256,153,2,19
8/7/2022,646,13263,1075,4363,24,93,63,126,0,0,14,96,0,0,0,0,1,3,2,19347,306,110,0,6
9/7/2022,380,6475,681,4760,34,58,66,236,0,0,12,112,0,1,3,0,0,0,0,12296,394,124,4,0
10/7/2022,466,1676,283,3020,17,14,17,84,0,0,2,74,0,0,0,0,0,1,0,5445,132,76,0,1
11/7/2022,83,1056,357,3503,16,40,26,95,0,1,14,92,0,0,0,0,0,0,0,4999,177,107,0,0
12/7/2022,183,2398,896,6759,30,47,63,290,0,0,38,173,1,1,0,0,3,0,0,10236,430,211,2,3
13/7/2022,215,3455,998,7785,74,44,79,413,0,1,31,205,1,0,2,6,11,0,0,12453,610,237,9,11
14/7/2022,663,4451,1463,9419,22,56,68,402,1,0,43,264,0,0,1,0,101,3,0,15996,548,308,1,104
15/7/2022,619,9616,1342,10073,36,81,82,566,0,0,19,261,0,1,1,0,5,6,0,21650,765,280,2,11
16/7/2022,544,9720,891,7477,45,64,67,409,0,1,28,435,0,1,0,0,27,11,2,18632,585,464,1,40
17/7/2022,441,6106,777,5209,23,52,36,179,0,2,26,311,0,0,0,0,0,1,5,12533,290,339,0,6
18/7/2022,295,3024,1194,7507,28,45,58,380,1,2,58,227,0,0,1,1,19,108,2,12020,511,288,2,129
19/7/2022,334,3337,1325,8236,20,33,92,346,0,1,50,194,0,0,0,0,3,0,8,13232,491,245,0,11
20/7/2022,251,2955,1313,10148,25,33,85,453,0,1,36,274,0,0,0,0,224,19,6,14667,596,311,0,249
21/7/2022,407,5582,1831,11447,42,51,82,409,0,1,38,282,0,0,0,1,4,21,1,19267,584,321,1,26
22/7/2022,634,9064,1353,10860,28,72,69,313,0,0,77,278,0,0,0,1,0,6,19,21911,482,355,1,25
23/7/2022,1013,8002,946,7832,24,62,52,295,0,0,35,324,0,0,3,0,12,17,3,17793,433,359,3,32
24/7/2022,686,4513,749,6581,19,47,21,152,1,0,11,229,1,0,2,0,32,4,20,12529,239,241,3,56
25/7/2022,232,3248,1163,9625,33,42,79,344,0,0,87,223,1,2,7,0,22,0,5,14268,498,310,10,27
26/7/2022,311,4515,1261,10048,24,35,77,276,0,0,47,201,1,2,4,1,42,30,0,16135,412,248,8,72
27/7/2022,225,2270,1336,9530,20,28,50,269,0,1,19,261,1,0,1,0,218,32,1,13361,367,281,2,251
28/7/2022,382,4001,1813,10100,27,37,66,72,1,1,54,282,1,3,2,0,4,4,2,16296,202,338,6,10
29/7/2022,694,6471,1447,10601,27,45,49,276,0,4,20,228,2,0,3,0,6,40,3,19213,397,252,5,49
30/7/2022,398,3403,952,5785,15,55,30,217,0,2,6,197,0,1,0,1,0,0,5,10538,317,205,2,5
31/7/2022,811,2817,660,4326,34,36,35,115,0,0,6,226,0,0,0,0,35,2,4,8614,220,232,0,41
1/8/2022,179,1223,980,5814,25,26,70,151,0,0,1,0,4,0,0,1,1,0,39,8196,272,1,5,40
2/8/2022,291,870,1147,6466,18,42,33,171,0,0,1,1,1,1,2,1,81,3,0,8774,264,2,5,84
3/8/2022,463,1110,1073,6278,31,25,40,159,0,0,0,10,0,1,2,0,49,7,2,8924,255,10,3,58
4/8/2022,391,2141,1320,6597,34,47,64,363,0,0,3,16,0,0,2,2,18,1,1,10449,508,19,4,20
5/8/2022,478,2915,1213,7020,33,45,49,132,0,0,0,0,2,0,2,0,23,45,3,11626,259,0,4,71
6/8/2022,948,2348,760,4137,33,34,51,177,0,0,0,0,0,0,3,0,0,1,0,8193,295,0,3,1
7/8/2022,240,1169,616,2507,26,33,20,52,0,0,0,9,3,0,1,0,0,2,15,4532,131,9,4,17
8/8/2022,219,689,912,4331,35,23,44,106,0,0,1,1,0,0,2,3,1,3,0,6151,208,2,5,4
9/8/2022,262,640,1146,4751,25,28,51,105,0,0,0,1,2,0,1,0,47,7,5,6799,209,1,3,59
10/8/2022,253,721,934,4834,23,24,43,90,0,0,0,0,0,0,4,0,339,1,1,6742,180,0,4,341
11/8/2022,309,1166,1308,5066,23,36,35,106,0,0,0,0,1,1,5,0,187,0,0,7849,200,0,7,187
12/8/2022,571,1938,1135,5855,36,36,38,78,1,0,0,0,5,0,0,0,4,0,0,9499,188,1,5,4
13/8/2022,605,2198,714,3278,22,36,31,87,0,0,1,0,0,0,2,0,149,50,2,6795,176,1,2,201
14/8/2022,237,1382,613,1969,10,22,17,51,0,0,0,0,0,2,0,0,0,0,2,4201,100,0,2,2
15/8/2022,211,420,765,3006,9,28,38,77,0,0,0,0,0,0,3,0,0,0,0,4402,152,0,3,0
16/8/2022,182,586,948,3236,22,27,34,65,0,0,1,0,0,1,1,0,0,0,0,4952,148,1,2,0
17/8/2022,264,696,1059,3757,49,29,42,69,0,0,0,0,2,2,0,0,0,0,0,5776,189,0,4,0
18/8/2022,388,1766,1177,4104,14,31,48,73,0,0,0,0,1,0,2,0,0,0,0,7435,166,0,3,0
19/8/2022,558,2605,1117,4736,38,34,43,32,0,0,1,0,0,2,1,2,0,0,0,9016,147,1,5,0
20/8/2022,357,1368,694,2863,38,40,39,65,0,0,0,0,0,0,0,3,0,0,0,5282,182,0,3,0
21/8/2022,228,1315,460,1318,18,27,19,17,0,0,0,0,0,0,0,0,0,0,0,3321,81,0,0,0
22/8/2022,273,426,942,2235,13,34,36,57,0,0,0,0,0,4,0,0,1,0,0,3876,140,0,4,1
23/8/2022,227,350,751,2769,17,19,45,45,0,0,0,0,5,2,2,0,0,0,0,4097,126,0,9,0
24/8/2022,251,411,914,3765,15,19,29,24,0,0,0,0,0,0,0,0,0,0,0,5341,87,0,0,0
25/8/2022,472,788,1029,2931,14,19,37,42,0,0,0,0,0,0,2,0,0,0,0,5220,112,0,2,0
26/8/2022,506,1263,902,3508,25,36,22,53,0,0,0,0,0,1,1,0,0,0,0,6179,136,0,2,0
27/8/2022,320,1472,655,1861,29,36,28,62,0,0,0,0,0,1,0,0,0,0,0,4308,155,0,1,0
28/8/2022,190,629,494,953,19,33,41,20,0,0,0,0,0,0,0,0,0,0,0,2266,113,0,0,0
29/8/2022,209,270,842,1906,14,24,27,35,0,0,0,0,1,2,3,1,0,0,0,3227,100,0,7,0
30/8/2022,135,236,722,2735,16,22,31,29,0,0,0,0,0,1,0,0,0,0,0,3828,98,0,1,0
31/8/2022,60,236,227,862,13,10,9,18,0,0,0,0,0,0,0,0,1,0,0,1385,50,0,0,1
1/9/2022,261,407,855,2193,28,24,45,36,0,0,0,0,0,0,4,0,1,0,0,3716,133,0,4,1
2/9/2022,476,738,882,2867,39,31,29,30,0,0,0,0,0,0,0,2,0,0,0,4963,129,0,2,0
3/9/2022,253,598,470,1259,24,28,20,82,0,0,0,0,0,1,0,0,0,0,0,2580,154,0,1,0
4/9/2022,173,310,347,605,13,24,13,19,0,0,0,0,0,0,0,0,0,0,0,1435,69,0,0,0
5/9/2022,300,189,507,1205,14,24,40,37,0,0,0,0,3,1,0,0,0,0,0,2201,115,0,4,0
6/9/2022,513,219,610,1290,27,29,30,21,0,0,0,0,1,0,1,0,0,0,0,2632,107,0,2,0
7/9/2022,611,265,701,1488,17,36,24,34,0,0,0,0,0,2,1,0,0,0,0,3065,111,0,3,0
8/9/2022,411,453,930,2745,16,28,29,29,0,0,0,0,2,0,0,0,0,0,0,4539,102,0,2,0
9/9/2022,451,806,631,2145,32,31,33,28,0,0,0,0,0,0,8,0,0,0,0,4033,124,0,8,0
10/9/2022,306,621,322,1105,15,24,31,27,0,0,0,0,0,0,0,0,0,0,0,2354,97,0,0,0
11/9/2022,112,332,252,598,19,16,23,8,0,0,0,0,0,0,2,0,0,0,0,1294,66,0,2,0
12/9/2022,78,204,451,954,27,17,34,28,0,0,0,0,0,0,4,0,0,0,0,1687,106,0,4,0
13/9/2022,137,320,668,1305,23,15,29,26,0,0,0,0,0,2,2,0,1,0,0,2430,93,0,4,1
14/9/2022,303,258,654,1399,13,12,40,30,0,0,0,0,0,0,0,0,0,0,0,2614,95,0,0,0
15/9/2022,308,500,1016,2076,21,23,40,32,0,0,0,0,1,0,3,0,0,0,0,3900,116,0,4,0
16/9/2022,158,306,284,557,20,21,10,6,0,0,0,0,0,0,0,0,0,0,0,1305,57,0,0,0
17/9/2022,211,515,298,715,18,25,17,17,0,0,0,0,0,0,0,0,0,0,0,1739,77,0,0,0
18/9/2022,101,257,174,366,10,14,25,13,0,0,0,0,1,0,0,0,0,0,0,898,62,0,1,0
19/9/2022,93,186,470,761,18,22,36,21,0,0,0,0,0,0,0,0,0,0,0,1510,97,0,0,0
20/9/2022,147,232,716,1210,19,18,23,22,0,0,0,0,0,0,3,2,0,0,0,2305,82,0,5,0
21/9/2022,105,278,518,1102,15,19,20,30,0,0,0,0,2,0,1,0,0,0,0,2003,84,0,3,0
22/9/2022,192,435,1024,1436,86,16,34,11,0,0,0,0,0,0,0,0,0,0,0,3087,147,0,0,0
23/9/2022,381,840,646,2016,24,24,29,13,0,0,0,0,0,0,1,0,0,0,0,3883,90,0,1,0
24/9/2022,203,529,467,1025,15,36,26,22,0,0,0,0,1,0,6,0,0,0,0,2224,99,0,7,0
25/9/2022,136,304,281,437,15,16,11,7,0,0,0,0,0,0,5,0,0,0,0,1158,49,0,5,0
26/9/2022,79,165,444,754,15,22,26,26,0,0,0,0,0,0,0,0,0,0,0,1442,89,0,0,0
27/9/2022,119,311,504,856,18,15,35,10,0,0,0,0,0,1,0,0,13,0,0,1790,78,0,1,13
28/9/2022,170,255,453,779,10,11,22,27,0,0,1,0,0,0,2,0,211,0,0,1657,70,1,2,211
29/9/2022,231,287,843,1021,13,19,26,18,0,0,0,0,0,2,0,0,0,0,0,2382,76,0,2,0
30/9/2022,312,612,788,1729,20,29,34,18,0,0,0,0,0,3,2,0,0,0,0,3441,101,0,5,0
1/10/2022,323,443,298,642,15,24,20,9,0,0,1,0,0,0,0,0,0,0,0,1706,68,1,0,0
2/10/2022,121,205,221,365,7,18,14,15,0,0,0,0,0,0,0,0,0,0,0,912,54,0,0,0
3/10/2022,143,92,341,368,12,19,30,22,0,0,0,0,1,0,0,0,3,0,1,944,83,0,1,4
4/10/2022,137,145,417,580,7,16,30,12,0,0,1,0,0,0,2,0,0,0,0,1279,65,1,2,0
5/10/2022,112,178,477,679,4,17,20,13,0,0,0,0,4,0,0,0,0,0,0,1446,54,0,4,0
6/10/2022,149,241,586,818,21,19,31,17,0,0,0,0,1,0,0,0,0,0,0,1794,88,0,1,0
7/10/2022,217,390,474,950,10,25,23,12,0,0,0,0,0,0,0,0,0,0,0,2031,70,0,0,0
8/10/2022,220,551,342,373,26,34,16,21,0,0,1,0,0,0,0,0,0,0,0,1486,97,1,0,0
9/10/2022,61,118,114,135,12,13,11,5,0,0,0,0,0,1,1,0,0,0,0,428,41,0,2,0
10/10/2022,55,114,228,229,5,12,29,9,0,0,0,0,0,2,1,0,0,0,0,626,55,0,3,0
11/10/2022,65,132,450,448,11,18,25,19,1,0,0,0,1,0,0,0,0,0,0,1095,73,1,1,0
12/10/2022,91,168,517,672,13,8,28,9,0,0,0,0,0,0,0,0,0,0,0,1448,58,0,0,0
13/10/2022,98,217,712,647,80,68,22,13,0,0,1,0,0,0,0,0,0,0,0,1674,183,1,0,0
14/10/2022,219,481,422,704,30,18,35,13,0,0,0,0,3,0,0,0,9,0,0,1826,96,0,3,9
15/10/2022,220,389,343,352,15,17,24,10,0,0,0,0,2,2,0,0,0,3,0,1304,66,0,4,3
16/10/2022,63,161,169,162,13,9,12,12,0,0,0,0,0,0,0,0,0,0,0,555,46,0,0,0
17/10/2022,77,149,378,339,12,13,30,12,0,0,1,0,1,0,1,0,0,0,1,943,67,1,2,1
18/10/2022,155,134,430,442,11,15,27,7,0,0,0,0,0,0,0,0,0,0,0,1161,60,0,0,0
19/10/2022,64,105,353,514,14,11,24,17,0,0,0,0,0,0,0,0,0,0,0,1036,66,0,0,0
20/10/2022,150,300,545,1377,15,8,29,8,0,0,0,0,0,0,2,0,0,0,0,2372,60,0,2,0
21/10/2022,242,344,411,695,18,21,28,8,0,0,0,0,0,0,0,0,0,0,0,1692,75,0,0,0
22/10/2022,145,229,336,285,29,18,16,17,0,0,0,0,1,0,1,0,0,0,0,995,80,0,2,0
23/10/2022,128,106,177,139,4,10,15,6,0,0,0,0,0,0,0,0,0,0,0,550,35,0,0,0
24/10/2022,18,105,101,140,10,3,9,10,0,0,0,0,0,0,1,0,15,0,0,364,32,0,1,15
25/10/2022,45,118,271,294,14,9,17,7,0,0,0,0,0,0,0,0,1,0,0,728,47,0,0,1
26/10/2022,107,118,348,498,8,7,14,15,0,0,1,0,0,0,0,0,0,0,1,1071,44,1,0,1
27/10/2022,181,230,523,655,8,8,24,13,0,0,0,0,0,1,0,0,3,0,0,1589,53,0,1,3
28/10/2022,191,318,346,542,17,15,21,16,0,0,0,1,0,0,0,0,0,0,0,1397,69,1,0,0
29/10/2022,202,297,316,290,26,15,6,11,0,0,0,0,0,0,0,0,0,0,0,1105,58,0,0,0
30/10/2022,82,195,154,140,19,6,8,4,0,0,0,0,0,0,0,0,0,0,0,571,37,0,0,0
31/10/2022,79,98,268,715,12,11,16,34,0,0,0,0,0,2,0,0,0,0,0,1160,73,0,2,0
1/11/2022,48,50,351,807,14,5,19,14,0,0,1,0,0,0,1,0,0,0,0,1256,52,1,1,0
2/11/2022,88,89,478,1164,10,13,46,28,0,0,0,0,0,0,1,1,0,0,0,1819,97,0,2,0
3/11/2022,118,145,479,1703,111,15,22,25,0,0,0,0,0,0,0,0,0,1,0,2445,173,0,0,1
4/11/2022,237,307,524,1968,17,10,31,30,0,0,0,0,0,1,0,0,0,1,8,3036,88,0,1,9
5/11/2022,212,281,297,1357,25,16,26,47,0,0,0,0,0,1,0,3,0,0,0,2147,114,0,4,0
6/11/2022,92,145,213,653,20,6,10,11,0,0,0,0,0,0,0,0,0,0,0,1103,47,0,0,0
7/11/2022,45,33,254,2230,11,9,27,31,0,0,0,0,1,2,2,2,0,0,0,2562,78,0,7,0
8/11/2022,54,99,325,2278,14,10,33,39,0,0,0,0,0,0,3,0,2,0,0,2756,96,0,3,2
9/11/2022,100,120,384,2957,15,16,22,38,0,0,0,0,0,0,0,2,1,0,0,3561,91,0,2,1
10/11/2022,130,198,485,3180,11,8,15,103,0,0,0,0,0,0,0,0,0,0,0,3993,137,0,0,0
11/11/2022,357,288,573,4043,36,16,41,37,0,0,0,0,2,0,0,0,0,0,0,5261,130,0,2,0
12/11/2022,267,273,393,2740,28,10,25,55,0,0,0,0,1,0,0,0,0,0,1,3673,118,0,1,1
13/11/2022,125,120,185,1483,8,9,9,18,0,0,0,0,0,0,0,0,0,0,0,1913,44,0,0,0
14/11/2022,68,38,342,3177,8,4,27,25,0,1,0,0,0,0,0,0,0,0,0,3625,64,1,0,0
15/11/2022,121,51,451,2967,11,4,24,37,0,0,0,0,0,0,0,2,0,0,0,3590,76,0,2,0
16/11/2022,122,57,607,3685,21,5,30,51,0,0,0,0,3,0,0,1,0,0,0,4471,107,0,4,0
17/11/2022,145,184,761,4172,16,11,13,39,0,0,0,0,0,0,3,1,0,0,0,5262,79,0,4,0
18/11/2022,195,214,326,2453,17,12,22,37,0,0,0,0,0,0,2,0,0,0,0,3188,88,0,2,0
19/11/2022,44,54,94,540,2,2,7,5,0,0,0,0,0,0,0,0,0,0,0,732,16,0,0,0
20/11/2022,87,101,117,1004,5,12,7,11,0,0,0,0,0,0,0,0,0,0,0,1309,35,0,0,0
21/11/2022,58,41,397,2073,7,4,29,27,0,0,0,0,1,0,2,0,0,0,0,2569,67,0,3,0
22/11/2022,87,71,399,2139,13,7,20,15,0,0,0,0,0,0,1,0,1,0,0,2696,55,0,1,1
23/11/2022,59,101,410,2540,10,16,15,43,0,0,0,0,0,0,0,2,0,0,0,3110,84,0,2,0
24/11/2022,108,191,579,3010,115,115,9,18,0,0,0,0,0,0,0,0,0,0,0,3888,257,0,0,0
25/11/2022,315,364,542,2805,10,16,18,21,0,0,0,0,0,0,0,0,0,0,0,4026,65,0,0,0
26/11/2022,250,237,414,1875,17,16,12,32,0,0,0,0,0,0,0,1,1,0,0,2776,77,0,1,1
27/11/2022,121,104,192,978,11,14,18,15,0,0,0,0,0,0,0,0,0,0,0,1395,58,0,0,0
28/11/2022,36,38,215,1458,9,6,9,11,0,0,0,0,0,0,0,0,0,0,0,1747,35,0,0,0
29/11/2022,140,62,418,1832,7,13,23,15,0,0,0,0,1,0,2,0,0,0,0,2452,58,0,3,0
30/11/2022,118,121,423,2484,10,15,18,24,0,0,0,0,0,0,1,0,1,0,0,3146,67,0,1,1
1/12/2022,169,144,562,2513,14,20,29,21,0,0,1,0,3,0,0,1,0,0,0,3388,84,1,4,0
2/12/2022,218,242,570,2190,16,19,22,15,0,0,0,0,0,3,1,0,0,0,0,3220,72,0,4,0
3/12/2022,161,201,374,1357,20,36,11,13,0,0,0,0,0,1,0,0,0,0,0,2093,80,0,1,0
4/12/2022,84,102,201,863,6,8,7,5,0,0,0,0,0,0,0,0,0,0,0,1250,26,0,0,0
5/12/2022,38,48,395,1390,12,6,21,28,0,0,0,0,0,0,1,0,0,0,0,1871,67,0,1,0
6/12/2022,68,73,516,1627,4,19,17,19,0,0,0,0,0,0,0,0,0,0,0,2284,59,0,0,0
7/12/2022,75,82,545,1827,11,28,16,15,0,0,0,0,0,8,0,1,0,0,0,2529,70,0,9,0
8/12/2022,128,108,769,3064,9,8,34,32,0,0,0,0,1,1,0,0,0,0,0,4069,83,0,2,0
9/12/2022,296,284,609,2528,15,11,21,29,0,0,0,0,0,0,0,1,0,0,0,3717,76,0,1,0
10/12/2022,151,208,280,1071,67,11,14,28,0,0,0,0,0,0,0,0,0,0,0,1710,120,0,0,0
11/12/2022,82,99,168,496,6,2,5,12,0,0,0,1,0,0,0,1,0,0,0,845,25,1,1,0
12/12/2022,31,41,456,1483,12,13,10,17,0,0,0,0,1,0,1,2,0,0,0,2011,52,0,4,0
13/12/2022,51,38,470,1403,15,11,19,13,0,0,0,0,0,3,1,0,0,0,0,1962,58,0,4,0
14/12/2022,64,70,397,1714,12,9,24,5,0,0,0,0,0,0,0,1,0,0,0,2245,50,0,1,0
15/12/2022,146,168,578,1842,119,112,15,13,0,0,0,0,0,0,0,0,0,0,0,2734,259,0,0,0
16/12/2022,214,249,507,1827,23,17,14,24,0,0,0,0,0,0,0,0,0,0,1,2797,78,0,0,1
17/12/2022,166,150,360,1206,16,15,11,24,0,0,0,0,0,0,1,0,0,0,0,1882,66,0,1,0
18/12/2022,67,100,142,529,6,3,7,5,0,0,0,0,0,0,0,0,0,0,0,838,21,0,0,0
19/12/2022,54,35,311,832,18,8,7,15,0,0,0,0,0,0,0,0,0,0,0,1232,48,0,0,0
20/12/2022,80,55,471,1473,13,8,20,7,0,0,0,0,0,0,0,0,0,0,0,2079,48,0,0,0
21/12/2022,71,39,380,1113,18,10,16,16,0,0,1,0,0,1,0,0,0,0,0,1603,60,1,1,0
22/12/2022,105,102,443,1555,11,9,20,20,0,0,0,0,0,0,0,0,0,0,0,2205,60,0,0,0
23/12/2022,187,237,394,1252,17,9,11,8,0,0,0,0,0,0,0,0,0,0,0,2070,45,0,0,0
24/12/2022,107,116,150,573,8,11,7,11,0,0,0,0,0,0,0,0,0,0,0,946,37,0,0,0
25/12/2022,26,57,62,163,2,6,1,0,0,0,0,0,0,0,0,0,0,0,0,308,9,0,0,0
26/12/2022,47,43,196,890,7,10,8,6,0,0,0,0,0,0,1,0,0,0,0,1176,31,0,1,0
27/12/2022,70,64,419,1212,27,16,10,20,0,0,1,0,0,0,0,0,0,0,0,1765,73,1,0,0
28/12/2022,73,100,377,1649,8,16,23,9,0,0,0,0,0,0,0,0,0,0,0,2199,56,0,0,0
29/12/2022,137,184,573,2391,14,10,15,31,0,0,0,0,2,1,0,0,0,0,0,3285,70,0,3,0
30/12/2022,237,272,523,2345,15,19,22,36,0,0,0,0,0,0,0,0,0,0,0,3377,92,0,0,0
31/12/2022,164,169,268,1750,28,63,11,32,0,0,0,0,3,0,2,0,0,0,0,2351,134,0,5,0
1/1/2023,31,27,158,1012,9,5,4,9,0,0,0,0,0,0,0,0,0,0,0,1228,27,0,0,0
2/1/2023,47,32,311,2545,8,9,20,13,0,0,0,0,0,0,0,0,0,0,0,2935,50,0,0,0
3/1/2023,45,29,460,3633,15,14,12,14,0,0,0,0,1,1,1,2,0,0,0,4167,55,0,5,0
4/1/2023,85,55,602,4839,7,14,13,28,0,0,0,0,0,0,0,0,0,0,0,5581,62,0,0,0
5/1/2023,119,97,867,6780,10,17,28,53,0,0,0,0,1,0,0,2,0,0,0,7863,108,0,3,0
6/1/2023,301,310,841,6177,16,7,17,40,0,0,0,0,0,0,0,1,1,1,0,7629,80,0,1,2
7/1/2023,301,238,525,4121,20,18,34,79,0,0,0,0,0,0,0,1,0,0,0,5185,151,0,1,0
8/1/2023,141,104,343,2767,11,9,7,40,0,0,0,0,0,0,1,4,0,0,0,3355,67,0,5,0
9/1/2023,99,58,775,7621,13,10,24,41,0,0,0,0,0,0,1,0,0,0,0,8553,88,0,1,0
10/1/2023,76,54,823,7463,20,15,32,47,0,0,0,0,0,0,0,0,0,0,0,8416,114,0,0,0
11/1/2023,78,72,898,8668,17,11,37,67,0,0,0,0,1,0,0,2,0,0,0,9716,132,0,3,0
12/1/2023,157,102,1139,10802,21,18,36,79,0,0,0,0,0,0,0,0,0,0,3,12200,154,0,0,3
13/1/2023,323,323,1198,11043,29,16,20,52,0,0,0,0,0,0,0,0,0,0,2,12887,117,0,0,2
14/1/2023,219,244,581,4536,28,14,13,31,0,0,1,0,0,0,2,0,0,0,0,5580,86,1,2,0
15/1/2023,115,114,467,3442,13,4,10,15,0,0,0,0,0,0,0,0,0,0,0,4138,42,0,0,0
16/1/2023,64,60,826,6680,11,7,21,31,0,0,0,0,0,0,1,0,0,0,1,7630,70,0,1,1
17/1/2023,69,63,900,7050,12,7,24,30,0,0,0,0,0,1,0,0,0,0,0,8082,73,0,1,0
18/1/2023,91,87,975,6263,18,6,21,107,0,0,0,0,1,0,2,0,0,0,1,7416,152,0,3,1
19/1/2023,131,102,1244,7924,10,19,25,28,0,0,0,0,0,2,0,0,0,0,0,9401,82,0,2,0
20/1/2023,204,192,1426,7485,22,20,13,19,0,0,0,0,0,0,0,0,0,0,0,9307,74,0,0,0
21/1/2023,101,101,336,2012,8,7,10,6,0,0,0,0,0,0,0,0,0,0,0,2550,31,0,0,0
22/1/2023,20,27,101,761,1,5,4,1,0,0,0,0,0,0,0,0,0,0,0,909,11,0,0,0
23/1/2023,20,17,279,1617,4,0,3,0,0,0,0,0,0,0,0,0,0,0,0,1933,7,0,0,0
24/1/2023,33,31,510,2047,2,10,10,1,0,0,1,0,0,0,0,0,0,0,0,2621,23,1,0,0
25/1/2023,290,62,743,3927,3,9,13,15,3,1,0,0,0,0,0,0,0,0,0,5022,40,4,0,0
26/1/2023,216,70,899,4358,11,15,17,13,0,0,0,0,0,1,0,0,0,0,0,5543,56,0,1,0
27/1/2023,163,164,669,4194,6,11,13,33,0,0,1,0,0,0,0,0,0,0,0,5190,63,1,0,0
28/1/2023,89,156,362,1793,4,14,76,16,0,0,0,0,0,0,1,0,0,0,0,2400,110,0,1,0
29/1/2023,63,87,466,1522,7,10,44,6,0,0,0,0,0,0,0,0,0,0,0,2138,67,0,0,0
30/1/2023,59,62,515,2999,8,14,18,9,0,0,0,0,0,0,0,0,0,0,0,3635,49,0,0,0
31/1/2023,45,102,591,3171,10,23,17,18,0,0,0,0,0,0,0,0,0,0,0,3909,68,0,0,0
1/2/2023,52,33,405,1711,12,6,19,10,0,0,0,0,0,0,0,0,0,0,0,2201,47,0,0,0
2/2/2023,63,89,480,2019,10,16,25,29,0,0,1,0,0,1,1,0,0,0,0,2651,80,1,2,0
3/2/2023,131,221,534,2238,160,16,19,17,0,0,0,0,0,0,0,0,0,0,0,3124,212,0,0,0
4/2/2023,141,167,289,740,14,27,13,7,0,0,0,0,1,3,0,0,0,0,0,1337,61,0,4,0
5/2/2023,86,67,190,491,3,10,3,6,0,0,0,0,0,0,0,0,0,0,0,834,22,0,0,0
6/2/2023,46,45,333,955,9,14,22,6,0,0,0,0,4,0,0,0,0,0,0,1379,51,0,4,0
7/2/2023,105,31,332,1277,14,6,18,9,0,0,0,0,0,0,1,0,0,0,0,1745,47,0,1,0
8/2/2023,74,51,384,1087,4,8,19,21,0,0,0,0,0,1,0,0,0,0,0,1596,52,0,1,0
9/2/2023,73,85,502,1214,15,8,23,16,0,0,0,0,0,0,0,0,0,0,0,1874,62,0,0,0
10/2/2023,164,250,649,1563,10,12,4,14,0,0,0,0,0,0,0,0,0,0,0,2626,40,0,0,0
11/2/2023,112,164,324,663,3,17,10,12,0,0,0,0,0,0,0,0,0,0,0,1263,42,0,0,0
12/2/2023,54,84,213,516,3,4,11,9,0,0,0,0,0,0,0,2,0,0,0,867,27,0,2,0
13/2/2023,27,73,386,811,10,17,60,11,0,0,1,0,0,1,1,0,0,0,0,1297,98,1,2,0
14/2/2023,61,60,326,781,2,7,14,11,0,0,0,0,0,0,1,0,0,0,0,1228,34,0,1,0
15/2/2023,45,46,398,836,11,10,10,6,0,0,0,0,1,0,0,0,0,0,0,1325,37,0,1,0
16/2/2023,67,79,595,964,9,4,11,9,0,0,0,0,0,0,0,0,0,0,0,1705,33,0,0,0
17/2/2023,219,169,654,1712,8,14,21,11,0,0,0,0,1,2,0,0,0,0,0,2754,54,0,3,0
18/2/2023,142,120,332,348,6,10,9,7,0,0,0,0,0,0,0,0,0,0,0,942,32,0,0,0
19/2/2023,37,62,201,223,0,2,10,5,0,0,0,0,0,0,0,0,0,0,0,523,17,0,0,0
20/2/2023,54,33,311,531,7,13,12,16,0,0,0,0,0,0,0,0,0,0,0,929,48,0,0,0
21/2/2023,74,89,298,472,12,8,29,8,0,0,0,0,0,0,0,0,0,0,0,933,57,0,0,0
22/2/2023,53,30,238,432,6,9,10,18,0,0,0,0,1,0,0,0,0,0,0,753,43,0,1,0
23/2/2023,156,114,405,682,23,9,45,26,0,0,0,0,0,0,0,0,0,0,0,1357,103,0,0,0
24/2/2023,167,188,521,1215,86,45,15,13,0,0,0,0,1,0,0,0,0,0,0,2091,159,0,1,0
25/2/2023,108,144,245,206,14,8,12,8,0,0,0,0,0,0,0,0,0,0,0,703,42,0,0,0
26/2/2023,43,53,255,281,4,4,6,1,0,0,0,0,0,0,0,0,0,0,0,632,15,0,0,0
27/2/2023,68,32,257,388,7,4,6,5,0,0,0,0,0,0,0,0,0,0,0,745,22,0,0,0
28/2/2023,61,54,268,477,8,7,11,6,0,0,0,0,0,0,0,0,0,0,0,860,32,0,0,0
1/3/2023,100,46,277,525,10,6,74,7,0,0,0,0,0,0,0,0,0,0,0,948,97,0,0,0
2/3/2023,59,72,353,413,7,6,24,7,0,0,0,0,0,0,0,0,0,0,0,897,44,0,0,0
3/3/2023,130,149,464,475,15,7,14,14,0,0,0,0,0,0,0,0,0,0,0,1218,50,0,0,0
4/3/2023,83,159,230,228,10,10,7,11,0,0,0,0,0,0,0,0,0,0,0,700,38,0,0,0
5/3/2023,44,67,147,149,5,5,8,4,0,0,0,0,0,0,0,0,0,0,0,407,22,0,0,0
6/3/2023,36,38,225,217,5,11,5,4,0,0,0,0,0,0,0,0,0,0,0,516,25,0,0,0
7/3/2023,37,58,251,210,7,6,21,6,0,0,0,0,0,0,0,0,0,0,0,556,40,0,0,0
8/3/2023,51,45,261,302,3,7,12,7,0,0,0,0,0,1,0,0,0,0,0,659,29,0,1,0
9/3/2023,71,75,369,374,11,5,19,3,0,0,0,0,1,0,1,0,0,0,0,889,38,0,2,0
10/3/2023,84,176,461,410,13,11,18,11,0,0,0,0,0,0,0,1,0,0,0,1131,53,0,1,0
11/3/2023,72,123,166,178,7,7,11,11,0,0,0,0,0,1,1,0,0,0,0,539,36,0,2,0
12/3/2023,43,79,151,100,4,2,13,3,0,0,0,0,0,0,0,0,0,0,0,373,22,0,0,0
13/3/2023,40,59,258,196,6,16,21,3,0,0,0,0,0,0,0,0,0,0,0,553,46,0,0,0
14/3/2023,32,58,259,255,3,2,11,1,0,0,0,0,0,0,0,0,0,0,0,604,17,0,0,0
15/3/2023,50,57,233,286,9,6,7,2,0,0,0,0,0,0,0,0,0,0,0,626,24,0,0,0
16/3/2023,70,109,310,277,12,7,14,3,0,0,0,0,0,0,0,0,0,0,0,766,36,0,0,0
17/3/2023,104,166,416,343,6,6,17,19,0,0,0,0,0,1,1,0,0,0,0,1029,48,0,2,0
18/3/2023,71,144,173,442,6,10,11,5,0,0,0,0,0,0,0,0,0,0,0,830,32,0,0,0
19/3/2023,14,36,95,74,4,6,9,2,0,0,0,0,0,0,0,0,0,0,0,219,21,0,0,0
20/3/2023,25,24,173,179,7,10,16,7,0,0,0,0,0,0,0,0,0,0,0,401,40,0,0,0
21/3/2023,26,39,205,213,0,9,13,4,0,0,0,0,0,0,0,0,0,0,0,483,26,0,0,0
22/3/2023,16,27,228,196,74,37,13,3,0,0,0,0,0,0,0,0,0,0,0,467,127,0,0,0
23/3/2023,23,37,170,118,0,3,9,2,0,0,0,0,0,0,0,0,0,0,0,348,14,0,0,0
24/3/2023,82,122,300,217,3,11,11,0,0,0,0,0,0,0,1,0,0,0,0,721,25,0,1,0
25/3/2023,41,73,163,93,5,5,11,1,0,0,0,0,0,0,0,0,0,0,0,370,22,0,0,0
26/3/2023,30,37,155,51,2,7,10,1,0,0,0,0,0,0,0,0,0,0,0,273,20,0,0,0
27/3/2023,66,19,293,139,11,7,16,3,0,0,0,0,0,0,0,0,0,0,0,517,37,0,0,0
28/3/2023,27,23,335,157,8,2,14,0,0,0,0,0,0,0,3,0,0,0,0,542,24,0,3,0
29/3/2023,19,39,292,146,3,7,16,2,0,0,0,0,0,1,0,0,0,0,0,496,28,0,1,0
30/3/2023,39,76,376,172,3,5,33,1,0,0,0,0,0,1,0,0,0,0,0,663,42,0,1,0
31/3/2023,61,90,336,253,9,10,9,8,0,0,0,0,0,0,0,0,0,0,0,740,36,0,0,0
1/4/2023,46,95,162,112,2,7,6,2,0,0,0,0,0,0,2,0,0,0,0,415,17,0,2,0
2/4/2023,15,71,141,83,5,5,4,1,0,0,0,0,0,0,0,0,0,0,0,310,15,0,0,0
3/4/2023,32,20,207,107,7,3,16,6,0,0,0,0,0,0,0,0,0,0,0,366,32,0,0,0
4/4/2023,35,67,172,113,2,3,14,3,0,0,0,0,0,0,0,0,0,0,0,387,22,0,0,0
5/4/2023,27,34,232,162,6,0,22,6,0,0,0,0,0,0,0,0,0,0,0,455,34,0,0,0
6/4/2023,56,38,292,173,6,9,27,4,0,0,0,0,0,0,0,0,0,0,0,559,46,0,0,0
7/4/2023,37,64,237,136,9,7,12,7,0,0,0,0,0,0,0,0,0,0,0,474,35,0,0,0
8/4/2023,43,71,108,64,2,7,14,2,0,0,0,0,0,0,1,0,0,0,0,286,25,0,1,0
9/4/2023,19,28,111,50,3,8,23,1,0,0,0,0,0,0,0,0,0,0,0,208,35,0,0,0
10/4/2023,19,10,264,114,3,6,21,17,0,0,0,0,0,0,1,0,0,0,0,407,47,0,1,0
11/4/2023,27,25,325,105,6,2,22,4,0,0,0,0,0,0,1,0,0,0,0,482,34,0,1,0
12/4/2023,35,21,284,137,9,3,21,6,0,0,0,0,0,0,0,0,0,0,0,477,39,0,0,0
13/4/2023,32,39,306,159,9,5,28,11,0,0,0,0,0,0,0,0,0,0,0,536,53,0,0,0
14/4/2023,52,151,311,159,8,5,15,4,0,0,0,0,0,0,0,0,0,0,0,673,32,0,0,0
15/4/2023,35,72,131,82,3,14,7,7,0,0,0,0,0,0,1,0,0,0,0,320,31,0,1,0
16/4/2023,26,28,159,44,5,2,25,1,0,0,0,0,0,0,0,0,0,0,0,257,33,0,0,0
17/4/2023,7,22,224,120,56,5,14,3,0,0,0,0,0,0,0,0,0,0,0,373,78,0,0,0
18/4/2023,16,23,222,125,1,13,13,1,0,0,0,0,0,0,1,0,0,0,0,386,28,0,1,0
19/4/2023,16,20,231,113,8,5,21,6,0,0,0,0,0,0,0,0,0,0,0,380,40,0,0,0
20/4/2023,24,109,225,214,5,0,16,3,0,0,0,0,0,0,1,0,0,0,0,572,24,0,1,0
21/4/2023,39,95,54,45,2,0,0,5,0,0,0,0,0,0,0,1,0,0,0,233,7,0,1,0
22/4/2023,8,46,25,16,0,2,0,0,0,0,0,0,0,0,0,0,0,0,0,95,2,0,0,0
23/4/2023,9,15,26,8,0,0,1,2,0,0,0,0,0,0,0,0,0,0,0,58,3,0,0,0
24/4/2023,5,7,51,64,3,5,4,1,0,0,1,0,0,0,0,0,0,0,0,127,13,1,0,0
25/4/2023,13,43,171,79,1,0,15,8,0,0,0,0,0,0,0,0,0,0,0,306,24,0,0,0
26/4/2023,12,48,235,107,6,5,24,22,0,0,0,0,0,0,0,0,0,0,0,402,57,0,0,0
27/4/2023,12,40,374,253,2,4,24,14,0,0,0,0,0,0,0,0,0,0,0,679,44,0,0,0
28/4/2023,59,157,360,229,14,4,23,11,0,0,0,0,1,0,0,0,0,0,0,805,52,0,1,0
29/4/2023,64,52,166,104,8,3,11,8,0,0,0,0,0,0,0,0,0,0,0,386,30,0,0,0
30/4/2023,41,51,235,98,11,5,50,22,0,0,0,0,0,0,0,0,0,0,0,425,88,0,0,0
1/5/2023,24,1,13,39,7,6,10,10,0,0,0,0,0,0,0,0,0,0,0,77,33,0,0,0
2/5/2023,19,26,44,30,14,9,118,25,0,0,0,0,0,0,0,0,0,0,0,119,166,0,0,0
3/5/2023,10,16,50,63,14,12,180,40,0,0,0,0,0,1,0,0,0,0,0,139,246,0,1,0
4/5/2023,5,11,46,47,2,5,43,17,0,0,0,0,0,0,0,0,0,0,0,109,67,0,0,0
5/5/2023,94,94,162,96,9,10,145,48,0,0,0,0,0,0,0,0,0,0,0,446,212,0,0,0
6/5/2023,38,41,57,39,10,5,32,10,0,0,0,0,0,0,0,0,0,0,0,175,57,0,0,0
7/5/2023,16,27,46,23,7,4,119,15,0,0,0,0,0,0,0,0,0,0,0,112,145,0,0,0
8/5/2023,17,20,82,134,28,5,190,40,0,0,0,0,0,0,0,0,0,0,0,253,263,0,0,0
9/5/2023,18,18,99,36,244,7,202,41,0,0,0,0,0,0,4,0,0,0,0,171,494,0,4,0
10/5/2023,9,35,71,62,117,8,176,48,0,0,0,0,0,0,0,0,0,0,0,177,349,0,0,0
11/5/2023,29,41,131,79,12,8,233,136,0,0,0,0,0,0,0,3,0,0,0,280,389,0,3,0
12/5/2023,32,79,115,90,13,5,133,57,0,0,0,0,0,0,0,0,0,0,0,316,208,0,0,0
13/5/2023,47,61,76,45,12,5,59,67,0,0,0,0,0,0,0,0,0,0,0,229,143,0,0,0
14/5/2023,20,18,44,17,9,6,105,34,0,0,0,0,0,0,0,0,0,0,0,99,154,0,0,0
15/5/2023,6,19,88,59,13,10,163,63,0,0,0,0,0,0,0,1,0,0,0,172,249,0,1,0
16/5/2023,15,10,79,52,5,6,149,52,0,0,0,0,0,0,0,1,0,0,0,156,212,0,1,0
17/5/2023,8,23,47,109,10,8,130,30,0,0,0,0,0,0,0,0,0,0,0,187,178,0,0,0
18/5/2023,21,25,97,73,5,1,163,36,0,0,0,0,0,0,0,0,0,0,0,216,205,0,0,0
19/5/2023,26,73,103,70,11,6,126,35,0,0,0,0,0,1,1,0,0,0,0,272,178,0,2,0
20/5/2023,41,55,72,37,7,4,55,56,0,0,0,0,0,0,0,0,0,0,0,205,122,0,0,0
21/5/2023,15,9,34,18,5,4,81,28,0,0,0,0,0,0,0,0,0,0,0,76,118,0,0,0
22/5/2023,6,8,57,39,7,5,104,30,0,0,0,0,0,0,2,0,0,0,0,110,146,0,2,0
23/5/2023,226,23,69,40,8,12,108,34,0,0,0,0,0,0,0,0,0,0,0,358,162,0,0,0
24/5/2023,64,8,42,28,13,8,109,35,0,0,0,0,0,0,0,0,0,0,0,142,165,0,0,0
25/5/2023,222,36,107,75,11,5,86,34,0,0,0,0,0,0,0,6,0,0,0,440,136,0,6,0
26/5/2023,61,84,79,88,8,12,74,40,0,0,0,0,0,0,0,0,0,0,0,312,134,0,0,0
27/5/2023,32,37,50,23,9,8,53,24,0,0,0,0,0,0,0,0,0,0,0,142,94,0,0,0
28/5/2023,38,35,50,155,9,6,41,29,0,0,0,0,0,0,0,0,0,0,0,278,85,0,0,0
29/5/2023,3,28,57,63,14,4,99,29,0,0,0,0,0,0,0,0,0,0,0,151,146,0,0,0
30/5/2023,13,25,59,69,20,4,86,23,0,0,0,0,0,0,0,0,0,0,0,166,133,0,0,0
31/5/2023,111,33,49,65,11,11,79,38,0,0,0,0,0,0,0,0,0,0,0,258,139,0,0,0
1/6/2023,106,13,3,4,12,4,121,32,0,0,0,0,0,0,0,0,0,0,0,126,169,0,0,0
2/6/2023,44,19,18,0,22,5,114,78,0,0,0,0,0,0,0,0,0,0,0,81,219,0,0,0
3/6/2023,22,25,19,2,6,16,120,556,0,0,0,0,0,0,0,0,0,0,0,68,698,0,0,0
4/6/2023,10,10,7,0,57,5,63,19,0,0,0,0,0,0,0,0,0,0,0,27,144,0,0,0
5/6/2023,0,0,6,0,2,2,19,11,0,0,0,0,0,0,0,0,0,0,0,6,34,0,0,0
6/6/2023,1,18,1,3,10,11,98,30,0,0,0,0,0,0,0,0,0,0,0,23,149,0,0,0
7/6/2023,2,13,1,6,15,8,189,64,0,0,0,0,0,0,0,0,0,0,0,22,276,0,0,0
8/6/2023,6,16,31,4,25,8,118,35,0,0,0,0,0,0,0,0,0,0,0,57,186,0,0,0
9/6/2023,16,24,12,0,16,9,85,37,0,0,0,0,0,0,0,0,0,0,0,52,147,0,0,0
10/6/2023,12,22,11,0,3,2,60,26,0,0,0,0,0,0,0,0,0,0,0,45,91,0,0,0
11/6/2023,8,10,4,0,4,7,63,17,0,0,0,0,0,0,0,0,0,0,0,22,91,0,0,0
12/6/2023,1,1,0,0,12,6,87,51,0,0,0,0,0,0,0,0,0,0,0,2,156,0,0,0
13/6/2023,0,2,0,0,55,4,130,30,0,0,0,0,0,0,0,0,0,0,0,2,219,0,0,0
14/6/2023,4,5,3,1,48,6,109,43,0,0,0,0,0,0,0,0,0,0,0,13,206,0,0,0
15/6/2023,2,17,1,0,9,8,78,45,0,0,0,0,0,0,0,0,0,0,0,20,140,0,0,0
16/6/2023,19,30,8,0,20,6,141,50,0,0,0,0,0,0,0,0,0,0,0,57,217,0,0,0
17/6/2023,19,22,7,0,12,6,57,17,0,0,0,0,0,0,0,0,0,0,0,48,92,0,0,0
18/6/2023,7,11,0,0,8,11,55,15,0,0,0,0,0,0,0,0,0,0,0,18,89,0,0,0
19/6/2023,10,4,8,0,35,7,85,26,0,0,0,0,0,0,0,0,0,0,0,22,153,0,0,0
20/6/2023,2,4,0,0,28,14,111,38,0,0,0,0,0,0,0,0,0,0,0,6,191,0,0,0
21/6/2023,2,1,0,0,7,13,82,45,0,0,0,0,0,0,0,0,0,0,0,3,147,0,0,0
22/6/2023,5,11,2,0,3,6,114,36,0,0,0,0,0,0,0,0,0,0,0,18,159,0,0,0
23/6/2023,23,42,21,0,53,12,124,43,0,0,0,0,0,0,0,0,0,0,0,86,232,0,0,0
24/6/2023,14,22,9,1,6,8,45,32,0,0,0,0,0,0,0,0,0,0,0,46,91,0,0,0
25/6/2023,10,23,6,0,6,7,53,22,0,0,0,0,0,0,0,0,0,0,0,39,88,0,0,0
26/6/2023,2,5,2,0,8,7,84,10,0,0,0,0,0,0,0,0,0,0,0,9,109,0,0,0
27/6/2023,1,12,2,2,8,5,117,42,0,0,0,0,0,0,0,0,0,0,0,17,172,0,0,0
28/6/2023,6,11,8,0,9,8,80,27,0,0,0,0,0,0,0,0,0,0,0,25,124,0,0,0
29/6/2023,0,1,0,0,0,0,5,4,0,0,0,0,0,0,0,0,0,0,0,1,9,0,0,0
30/6/2023,9,56,15,0,8,3,95,30,0,0,0,0,0,0,0,0,0,0,0,80,136,0,0,0
1/7/2023,0,0,1,0,6,7,32,11,0,0,0,0,0,0,0,0,0,0,0,1,56,0,0,0
2/7/2023,0,0,0,0,0,4,80,20,0,0,0,0,1,0,0,0,0,0,0,0,104,0,1,0
3/7/2023,0,0,0,0,5,23,190,43,0,0,0,0,0,0,0,0,0,0,0,0,261,0,0,0
4/7/2023,0,1,0,0,10,12,141,40,0,0,0,0,0,0,0,0,0,0,0,1,203,0,0,0
5/7/2023,0,0,0,0,21,11,129,30,0,0,0,0,0,1,0,0,0,0,0,0,191,0,1,0
6/7/2023,0,0,0,0,23,34,234,41,0,0,0,0,0,0,0,1,0,0,0,0,332,0,1,0
7/7/2023,0,2,0,0,8,21,136,35,0,0,0,0,0,0,0,0,0,0,0,2,200,0,0,0
8/7/2023,1,1,0,0,6,15,44,23,0,0,0,0,0,0,1,0,0,0,0,2,88,0,1,0
9/7/2023,0,0,0,0,2,4,57,19,0,0,0,0,0,0,0,0,0,0,0,0,82,0,0,0
10/7/2023,0,0,0,0,11,14,84,31,0,0,0,0,0,0,0,0,0,0,0,0,140,0,0,0
11/7/2023,0,0,0,0,11,11,88,28,0,0,0,0,0,0,0,0,0,0,0,0,138,0,0,0
12/7/2023,0,0,0,0,10,8,108,62,0,0,0,0,0,0,0,0,0,0,0,0,188,0,0,0
13/7/2023,0,0,0,0,4,10,51,22,0,0,0,0,0,0,0,0,0,0,0,0,87,0,0,0
14/7/2023,0,0,3,0,1,7,50,27,0,0,0,0,0,0,0,0,0,0,0,3,85,0,0,0
15/7/2023,0,0,0,0,6,6,10,3,0,0,0,0,0,0,0,0,0,0,0,0,25,0,0,0
16/7/2023,0,0,0,0,1,2,19,3,0,0,0,0,0,0,0,0,0,0,0,0,25,0,0,0
17/7/2023,0,0,0,0,205,6,38,7,0,0,0,0,0,0,0,0,0,0,0,0,256,0,0,0
18/7/2023,0,0,0,0,6,7,54,18,0,0,0,0,0,0,0,0,0,0,0,0,85,0,0,0
19/7/2023,0,0,0,0,3,3,15,12,0,0,0,0,0,0,0,0,0,0,0,0,33,0,0,0
20/7/2023,3,0,0,0,5,7,49,24,0,0,0,0,0,0,0,0,0,0,0,3,85,0,0,0
21/7/2023,0,0,0,0,5,4,83,24,0,0,0,0,0,0,0,0,0,0,0,0,116,0,0,0
22/7/2023,0,0,0,0,2,2,10,9,0,0,0,0,0,0,0,0,0,0,0,0,23,0,0,0
23/7/2023,0,0,0,0,0,4,23,13,0,0,0,0,0,0,0,0,0,0,0,0,40,0,0,0
24/7/2023,0,0,0,0,3,3,65,22,0,0,0,0,0,0,0,0,0,0,0,0,93,0,0,0
25/7/2023,0,0,0,0,2,5,55,24,0,0,0,0,0,0,0,0,0,0,0,0,86,0,0,0
26/7/2023,1,0,0,0,23,13,80,29,0,0,0,0,0,0,0,0,0,0,0,1,145,0,0,0
27/7/2023,0,0,0,0,1,12,71,23,0,0,0,0,0,0,3,0,0,0,0,0,107,0,3,0
28/7/2023,0,0,0,0,10,22,143,22,0,0,0,0,0,0,0,0,0,0,0,0,197,0,0,0
29/7/2023,0,0,0,0,0,10,23,10,0,0,0,0,0,0,0,0,0,0,0,0,43,0,0,0
30/7/2023,0,0,0,0,5,3,46,20,0,0,0,0,0,0,0,0,0,0,0,0,74,0,0,0
31/7/2023,0,0,0,0,4,2,60,27,0,0,0,0,0,0,0,0,0,0,0,0,93,0,0,0
1/8/2023,1,1,0,0,5,3,33,12,0,0,0,0,0,0,0,0,0,0,0,2,53,0,0,0
2/8/2023,1,0,0,0,2,7,40,8,0,0,0,0,0,0,0,0,0,0,0,1,57,0,0,0
3/8/2023,0,0,1,0,2,1,52,9,0,0,0,0,0,0,0,1,0,0,0,1,64,0,1,0
4/8/2023,0,0,0,0,7,7,59,25,0,0,0,0,0,0,0,0,0,0,0,0,98,0,0,0
5/8/2023,0,0,0,0,1,2,19,10,0,0,0,0,0,0,0,0,0,0,0,0,32,0,0,0
6/8/2023,0,0,0,0,3,1,12,5,0,0,0,0,0,0,0,0,0,0,0,0,21,0,0,0
7/8/2023,0,0,0,0,3,9,60,13,0,0,0,0,0,0,0,0,0,0,0,0,85,0,0,0
8/8/2023,0,2,0,1,2,4,41,29,0,0,0,0,0,0,0,0,0,0,0,3,76,0,0,0
9/8/2023,1,1,10,4,3,4,48,23,0,0,0,0,0,0,0,0,0,0,0,16,78,0,0,0
10/8/2023,3,0,4,7,6,2,68,18,0,0,0,0,0,0,0,0,0,0,0,14,94,0,0,0
11/8/2023,6,7,35,11,8,12,51,25,0,0,0,0,0,0,0,0,0,0,0,59,96,0,0,0
12/8/2023,7,5,6,5,2,0,10,2,0,0,0,0,0,0,0,0,0,0,0,23,14,0,0,0
13/8/2023,2,2,17,5,1,1,17,14,0,0,0,0,0,0,0,0,0,0,0,26,33,0,0,0
14/8/2023,1,0,12,5,0,0,26,13,0,0,0,0,0,0,0,0,0,0,0,18,39,0,0,0
15/8/2023,0,3,24,13,0,0,25,11,0,0,0,0,0,0,0,0,0,0,0,40,36,0,0,0
16/8/2023,4,2,29,13,3,1,35,13,0,0,0,0,0,0,0,0,0,0,0,48,52,0,0,0
17/8/2023,10,7,46,15,3,2,37,16,0,0,0,0,0,0,0,0,0,0,0,78,58,0,0,0
18/8/2023,10,16,52,22,3,5,36,15,0,0,0,0,0,0,0,0,0,0,0,100,59,0,0,0
19/8/2023,7,4,20,6,0,3,5,2,0,0,0,0,0,0,0,0,0,0,0,37,10,0,0,0
20/8/2023,0,2,18,6,1,0,11,2,0,0,0,0,0,0,0,0,0,0,0,26,14,0,0,0
21/8/2023,2,1,19,13,2,3,24,6,0,0,0,0,0,0,0,0,0,0,0,35,35,0,0,0
22/8/2023,7,1,25,11,0,2,23,12,0,0,0,0,0,0,0,0,0,0,0,44,37,0,0,0
23/8/2023,2,4,26,17,4,2,9,4,0,0,0,0,1,0,0,0,0,0,0,49,19,0,1,0
24/8/2023,6,1,27,10,2,0,37,10,0,0,0,0,0,0,0,0,0,0,0,44,49,0,0,0
25/8/2023,25,12,52,21,2,0,20,4,0,0,0,0,0,0,0,0,0,0,0,110,26,0,0,0
26/8/2023,7,7,32,9,2,3,6,6,0,0,0,0,0,0,0,0,0,0,0,55,17,0,0,0
27/8/2023,3,4,6,4,0,2,37,8,0,0,0,0,0,0,0,0,0,0,0,17,47,0,0,0
28/8/2023,4,11,16,22,3,3,18,10,0,0,0,0,0,0,0,0,0,0,0,53,34,0,0,0
29/8/2023,5,0,34,16,2,1,20,13,0,0,0,0,0,0,0,0,0,0,0,55,36,0,0,0
30/8/2023,6,2,37,23,7,3,30,11,0,0,0,0,0,0,0,0,0,0,0,68,51,0,0,0
31/8/2023,7,2,13,12,2,2,8,4,0,0,0,0,0,0,0,0,0,0,0,34,16,0,0,0
1/9/2023,14,3,27,19,3,4,37,15,0,0,0,0,0,0,0,0,0,0,0,63,59,0,0,0
2/9/2023,10,12,25,6,1,1,1,4,0,0,0,0,0,0,0,0,0,0,0,53,7,0,0,0
3/9/2023,0,3,19,7,3,1,26,3,0,0,0,0,0,0,0,0,0,0,0,29,33,0,0,0
4/9/2023,5,0,22,11,1,0,18,6,0,0,0,0,0,0,0,0,0,0,0,38,25,0,0,0
5/9/2023,6,0,59,23,5,0,48,12,0,0,0,0,0,0,0,0,0,0,0,88,65,0,0,0
6/9/2023,14,11,29,27,4,1,25,5,0,0,0,0,0,0,0,0,0,0,0,81,35,0,0,0
7/9/2023,27,10,39,20,6,6,55,8,0,0,0,0,0,0,0,0,0,0,0,96,75,0,0,0
8/9/2023,6,13,77,14,7,1,35,8,0,0,0,0,0,0,0,0,0,0,0,110,51,0,0,0
9/9/2023,4,6,15,10,1,1,13,2,0,0,0,0,0,0,0,0,0,0,0,35,17,0,0,0
10/9/2023,1,4,22,7,1,1,29,6,0,0,0,0,0,0,0,0,0,0,0,34,37,0,0,0
11/9/2023,1,2,33,14,4,4,23,7,0,0,0,0,0,0,0,0,0,0,0,50,38,0,0,0
12/9/2023,3,1,38,13,2,3,20,16,0,0,0,0,0,0,0,0,0,0,0,55,41,0,0,0
13/9/2023,2,4,24,10,5,1,33,9,0,0,0,0,0,0,0,0,0,0,0,40,48,0,0,0
14/9/2023,18,19,42,15,6,3,34,7,0,0,0,0,0,0,0,0,0,0,0,94,50,0,0,0
15/9/2023,13,13,44,30,5,1,29,6,0,0,0,0,0,0,0,0,0,0,0,100,41,0,0,0
16/9/2023,2,4,24,8,0,0,2,1,0,0,0,0,0,0,0,0,0,0,0,38,3,0,0,0
17/9/2023,3,3,15,18,0,0,12,1,0,0,0,0,0,0,0,0,0,0,0,39,13,0,0,0
18/9/2023,3,0,34,11,3,0,34,3,0,0,0,0,0,0,0,0,0,0,0,48,40,0,0,0
19/9/2023,5,5,24,15,1,6,27,6,0,0,0,0,0,0,0,0,0,0,0,49,40,0,0,0
20/9/2023,3,4,28,8,3,2,34,4,0,0,0,0,0,0,0,0,0,0,0,43,43,0,0,0
21/9/2023,2,1,30,10,5,1,27,6,0,0,0,0,0,0,0,0,0,0,0,43,39,0,0,0
22/9/2023,16,4,74,22,6,2,34,7,0,0,0,0,0,0,0,0,0,0,0,116,49,0,0,0
23/9/2023,5,7,28,26,3,3,10,4,0,0,0,0,0,0,0,0,0,0,0,66,20,0,0,0
24/9/2023,4,2,42,15,4,4,17,3,0,0,0,0,0,0,0,0,0,0,0,63,28,0,0,0
25/9/2023,2,0,37,17,0,1,33,10,0,0,0,0,0,0,0,0,0,0,0,56,44,0,0,0
26/9/2023,4,6,56,17,0,81,41,9,0,0,0,0,0,0,0,0,0,0,0,83,131,0,0,0
27/9/2023,1,10,50,15,4,6,41,3,0,0,0,0,0,0,0,0,0,0,0,76,54,0,0,0
28/9/2023,2,0,11,5,1,0,7,1,0,0,0,0,0,0,0,0,0,0,0,18,9,0,0,0
29/9/2023,8,8,47,16,5,3,43,8,0,0,0,0,0,0,0,0,0,0,0,79,59,0,0,0
30/9/2023,5,3,22,14,4,1,3,6,0,0,0,0,0,0,0,0,0,0,0,44,14,0,0,0
1/10/2023,2,2,24,11,0,1,14,1,0,0,0,0,0,0,0,0,0,0,0,39,16,0,0,0
2/10/2023,1,0,44,19,3,5,40,6,0,0,0,0,0,0,0,0,0,0,0,64,54,0,0,0
3/10/2023,0,0,33,16,1,3,35,6,0,0,0,0,0,0,0,0,0,0,0,49,45,0,0,0
4/10/2023,1,4,37,19,2,3,26,8,0,0,0,0,0,0,0,0,0,0,0,61,39,0,0,0
5/10/2023,26,1,33,18,1,0,40,8,0,0,1,0,0,0,0,0,0,0,0,78,49,1,0,0
