Date,Cases Unvax,Cases Vax,Total Unvax,Total Vax,Cases Unvax 10000,Cases Vax 10000
24/2/2021,3545,0,32657034,66,1.085524178,0
25/2/2021,1924,0,32655884,1216,0.589174067,0
26/2/2021,2253,0,32651775,5325,0.69000843,0
27/2/2021,2364,0,32645054,12046,0.724152578,0
28/2/2021,2437,0,32638335,18765,0.74666799,0
1/3/2021,1828,0,32622938,34162,0.560341929,0
2/3/2021,1555,0,32601268,55832,0.476975313,0
3/3/2021,1744,1,32578582,78518,0.535321028,0.127359332
4/3/2021,2062,1,32559073,98027,0.633310414,0.102012711
5/3/2021,2151,3,32544701,112399,0.660937091,0.266906289
6/3/2021,1678,2,32528855,128245,0.515849697,0.155951499
7/3/2021,1680,3,32516252,140848,0.516664713,0.21299557
8/3/2021,1522,7,32489055,168045,0.468465457,0.416555089
9/3/2021,1277,3,32458987,198113,0.393419548,0.15142873
10/3/2021,1446,2,32430215,226885,0.445880485,0.088150385
11/3/2021,1628,19,32403701,253399,0.502411746,0.749805642
12/3/2021,1570,5,32377579,279521,0.484903457,0.178877437
13/3/2021,1453,17,32360518,296582,0.449003937,0.573197295
14/3/2021,1341,13,32350207,306893,0.414525941,0.423600408
15/3/2021,1192,16,32329815,327285,0.368699914,0.488870556
16/3/2021,1049,14,32304340,352760,0.32472417,0.396870393
17/3/2021,1205,14,32283543,373557,0.373255191,0.374775469
18/3/2021,1200,13,32266228,390872,0.371905883,0.332589697
19/3/2021,1560,16,32255486,401614,0.483638659,0.398392486
20/3/2021,1650,21,32247785,409315,0.511663049,0.513052295
21/3/2021,1312,15,32238070,419030,0.406972254,0.357969596
22/3/2021,1110,6,32228352,428748,0.344417239,0.139942344
23/3/2021,1363,21,32220049,437051,0.423028531,0.480493123
24/3/2021,1251,17,32213758,443342,0.38834339,0.383451151
25/3/2021,1343,17,32207322,449778,0.416985926,0.37796424
26/3/2021,1264,11,32203383,453717,0.392505346,0.242441875
27/3/2021,1187,12,32201680,455420,0.368614308,0.263493039
28/3/2021,1290,12,32197996,459104,0.400646053,0.261378685
29/3/2021,929,12,32190131,466969,0.288597769,0.256976373
30/3/2021,1117,16,32178601,478499,0.347125097,0.334378964
31/3/2021,1462,20,32168653,488447,0.454479707,0.409461006
1/4/2021,1170,8,32152742,504358,0.363888094,0.15861749
2/4/2021,1286,8,32145171,511929,0.40006009,0.15627167
3/4/2021,1629,9,32142495,514605,0.50680571,0.174891422
4/4/2021,1341,8,32136464,520636,0.417282997,0.153658218
5/4/2021,1060,10,32127259,529841,0.329937889,0.188735866
6/4/2021,1289,11,32116229,540871,0.401354717,0.203375666
7/4/2021,1122,17,32103504,553596,0.34949456,0.307083144
8/4/2021,1272,13,32091409,565691,0.396367763,0.229807439
9/4/2021,1821,33,32084181,572919,0.56756942,0.575997654
10/4/2021,1495,15,32078507,578593,0.466044134,0.259249593
11/4/2021,1721,18,32066030,591070,0.536705043,0.304532458
12/4/2021,1308,9,32040658,616442,0.408231317,0.145999137
13/4/2021,1758,9,32023846,633254,0.548965917,0.142123066
14/4/2021,1869,20,32002902,654198,0.584009538,0.305717841
15/4/2021,2131,17,31984799,672301,0.666253991,0.252862929
16/4/2021,2530,21,31969173,687927,0.791387378,0.305264948
17/4/2021,2306,25,31960596,696504,0.721513454,0.358935484
18/4/2021,2174,21,31954433,702667,0.680343788,0.298861338
19/4/2021,2060,18,31929760,727340,0.64516614,0.247477108
20/4/2021,2322,19,31907675,749425,0.727724599,0.253527705
21/4/2021,2317,23,31891832,765268,0.726518314,0.300548305
22/4/2021,2841,34,31877435,779665,0.891226035,0.436084729
23/4/2021,2810,37,31865213,791887,0.88183939,0.467238381
24/4/2021,2676,41,31857222,799878,0.839997913,0.512578168
25/4/2021,2658,32,31848107,808993,0.834586495,0.395553484
26/4/2021,2746,30,31826734,830366,0.862796666,0.361286469
27/4/2021,2696,37,31803908,853192,0.847694566,0.433665576
28/4/2021,3099,43,31777434,879666,0.97522034,0.488821894
29/4/2021,3283,49,31770962,886138,1.03333352,0.552961277
30/4/2021,3730,58,31753163,903937,1.174686125,0.641637636
1/5/2021,2826,55,31750231,906869,0.890072264,0.606482303
2/5/2021,3368,50,31742571,914529,1.061035667,0.546729519
3/5/2021,2468,32,31718028,939072,0.778106382,0.340761944
4/5/2021,3062,58,31687885,969215,0.966299897,0.598422435
5/5/2021,3673,71,31655740,1001360,1.1602951,0.709035711
6/5/2021,3485,66,31618636,1038464,1.102198083,0.635554049
7/5/2021,4419,79,31586266,1070834,1.399025766,0.737742731
8/5/2021,4451,68,31567541,1089559,1.409992625,0.624105716
9/5/2021,3665,68,31541605,1115495,1.161957358,0.609594844
10/5/2021,3721,86,31504852,1152248,1.181087916,0.746367102
11/5/2021,3895,78,31474295,1182805,1.23751779,0.65944936
12/5/2021,4677,88,31463943,1193157,1.48646341,0.73753915
13/5/2021,4748,107,31463830,1193270,1.509034342,0.896695635
14/5/2021,3999,114,31463769,1193331,1.270985685,0.95530913
15/5/2021,4013,127,31453368,1203732,1.275857008,1.055052121
16/5/2021,3674,106,31443320,1213780,1.168451677,0.873304882
17/5/2021,4327,119,31410792,1246308,1.377552021,0.954820157
18/5/2021,4730,135,31364906,1292194,1.508054894,1.044734769
19/5/2021,5906,169,31314632,1342468,1.88601929,1.258875444
20/5/2021,6615,191,31255273,1401827,2.11644288,1.362507642
21/5/2021,6298,195,31212974,1444126,2.017750696,1.350297689
22/5/2021,6107,213,31169596,1487504,1.959281089,1.431928923
23/5/2021,6739,237,31131521,1525579,2.164687039,1.553508537
24/5/2021,6297,212,31061724,1595376,2.027253864,1.328840349
25/5/2021,7060,229,30991791,1665309,2.27802259,1.375120173
26/5/2021,7246,232,30971233,1685867,2.339590419,1.376146517
27/5/2021,7582,275,30912280,1744820,2.452746934,1.576093809
28/5/2021,8026,264,30865285,1791815,2.60033238,1.473366391
29/5/2021,8709,311,30814123,1842977,2.826301433,1.687487147
30/5/2021,6763,236,30775681,1881419,2.19751433,1.254372365
31/5/2021,6586,238,30707982,1949118,2.144719246,1.221065118
1/6/2021,6828,277,30632435,2024665,2.229009871,1.368127567
2/6/2021,7394,309,30535308,2121792,2.421459119,1.45631617
3/6/2021,7928,281,30423798,2233302,2.605854798,1.258226608
4/6/2021,7445,303,30337286,2319814,2.454075819,1.306139199
5/6/2021,7173,279,30265007,2392093,2.370063883,1.166342613
6/6/2021,5962,279,30183765,2473335,1.975234037,1.128031585
7/6/2021,5002,269,30122894,2534206,1.660531023,1.061476455
8/6/2021,5338,228,30014294,2642806,1.778485944,0.862719397
9/6/2021,5970,269,29897884,2759216,1.99679683,0.974914613
10/6/2021,5392,279,29784015,2873085,1.810367071,0.971081607
11/6/2021,6543,306,29687602,2969498,2.203950322,1.030477205
12/6/2021,5524,269,29584129,3072971,1.867217385,0.875374353
13/6/2021,5057,247,29479078,3178022,1.715453923,0.777212996
14/6/2021,4687,262,29330998,3326102,1.597968129,0.787708856
15/6/2021,5137,282,29163808,3493292,1.761429783,0.80726146
16/6/2021,4837,313,28957403,3699697,1.670384599,0.846015228
17/6/2021,5425,313,28772188,3884912,1.885501374,0.805681055
18/6/2021,6132,308,28619012,4038088,2.142631618,0.762737216
19/6/2021,5535,376,28483055,4174045,1.943260651,0.900804855
20/6/2021,5011,282,28360506,4296594,1.766893722,0.656333831
21/6/2021,4301,310,28169899,4487201,1.526807036,0.690853831
22/6/2021,4375,368,27970613,4686487,1.564141622,0.785236361
23/6/2021,4809,435,27785155,4871945,1.730780339,0.892867222
24/6/2021,5349,492,27602080,5055020,1.937897434,0.973289918
25/6/2021,5354,458,27447173,5209927,1.950656266,0.879091012
26/6/2021,5293,510,27304391,5352709,1.938516043,0.952788579
27/6/2021,5032,554,27192597,5464503,1.85050365,1.013815895
28/6/2021,4766,452,27025998,5631102,1.763487143,0.802684803
29/6/2021,5849,588,26867071,5790029,2.177014383,1.015538955
30/6/2021,5602,674,26692974,5964126,2.0986796,1.130090142
1/7/2021,6165,823,26509213,6147887,2.325606573,1.338671319
2/7/2021,6190,792,26338965,6318135,2.350130311,1.253534469
3/7/2021,5883,775,26194140,6462960,2.24592218,1.199140951
4/7/2021,5293,752,26059038,6598062,2.031157098,1.139728605
5/7/2021,5552,835,25852414,6804686,2.147575078,1.227095563
6/7/2021,6700,954,25635476,7021624,2.61356567,1.358660048
7/7/2021,6155,942,25416591,7240509,2.421646554,1.301013506
8/7/2021,7544,1324,25186503,7470597,2.995255038,1.772281385
9/7/2021,7875,1305,24965713,7691387,3.154326095,1.696703078
10/7/2021,7915,1438,24745906,7911194,3.198508877,1.817677584
11/7/2021,7556,1549,24551080,8106020,3.077665015,1.91092546
12/7/2021,7153,1421,24279089,8378011,2.94615667,1.69610663
13/7/2021,9140,1939,24010559,8646541,3.806658562,2.242515244
14/7/2021,9324,2294,23715203,8941897,3.93165515,2.565451157
15/7/2021,10827,2388,23397278,9259822,4.627461365,2.578883266
16/7/2021,10133,2408,23113322,9543778,4.38405176,2.523109821
17/7/2021,10128,2400,22848527,9808573,4.432670868,2.446839107
18/7/2021,8630,2080,22595857,10061243,3.819284217,2.067338996
19/7/2021,8626,2346,22306922,10350178,3.866961116,2.266627685
20/7/2021,9648,2718,22098286,10558814,4.365949468,2.574152741
21/7/2021,9156,2829,21809081,10848019,4.198251178,2.607849415
22/7/2021,9648,3386,21465578,11191522,4.49463788,3.025504485
23/7/2021,11442,4131,21150806,11506294,5.40972292,3.590208976
24/7/2021,11668,4234,20854714,11802386,5.594898113,3.587410207
25/7/2021,12517,4528,20562105,12094995,6.08741177,3.74369729
26/7/2021,11040,3476,20219132,12437968,5.460175046,2.794668711
27/7/2021,11653,4464,19852368,12804732,5.869828728,3.486211191
28/7/2021,12145,5260,19476699,13180401,6.235656258,3.990773877
29/7/2021,11875,5295,19113408,13543692,6.212916085,3.909569119
30/7/2021,11553,5287,18780124,13876976,6.15171657,3.809907865
31/7/2021,12099,5687,18443304,14213796,6.560104415,4.001042368
1/8/2021,11255,5895,18132606,14524494,6.207050437,4.058661183
2/8/2021,10315,5449,17895463,14761637,5.764030805,3.69132502
3/8/2021,11010,6095,17641272,15015828,6.241046564,4.059050224
4/8/2021,12681,7138,17398216,15258884,7.288678333,4.677930575
5/8/2021,12261,8335,17162072,15495028,7.144242257,5.379144846
6/8/2021,12084,8805,16956512,15700588,7.126465632,5.60807022
7/8/2021,11158,8099,16751360,15905740,6.660951708,5.091872494
8/8/2021,10973,7715,16578951,16078149,6.618633471,4.79843793
9/8/2021,9999,7237,16375288,16281812,6.106152148,4.444836975
10/8/2021,11445,8546,16198060,16459040,7.06566095,5.19228339
11/8/2021,12080,8700,15952780,16704320,7.572347892,5.208233559
12/8/2021,12209,9459,15734113,16922987,7.759573101,5.589438791
13/8/2021,11824,9644,15547967,17109133,7.604852776,5.636755527
14/8/2021,11427,9243,15366214,17290886,7.436444657,5.345590735
15/8/2021,11191,9355,15207463,17449637,7.358886883,5.361143043
16/8/2021,10590,9150,15015992,17641108,7.052481115,5.186749041
17/8/2021,10674,8957,14816467,17840633,7.204146576,5.02056177
18/8/2021,11857,10385,14608824,18048276,8.116327502,5.754012184
19/8/2021,12454,10494,14411454,18245646,8.641737329,5.751509155
20/8/2021,12108,11456,14237884,18419216,8.504072656,6.21959154
21/8/2021,11436,10826,14062130,18594970,8.132480641,5.822004553
22/8/2021,10486,9321,13911514,18745586,7.537641122,4.972370562
23/8/2021,9058,8614,13748690,18908410,6.588264046,4.555644816
24/8/2021,10599,10238,13578127,19078973,7.80593671,5.366116929
25/8/2021,11183,11459,13401237,19255863,8.344752055,5.950914794
26/8/2021,12365,12234,13226216,19430884,9.348856846,6.296162336
27/8/2021,10533,11537,13065016,19592084,8.061987831,5.888602764
28/8/2021,10424,12173,12894435,19762665,8.084107601,6.159594366
29/8/2021,10010,10569,12731625,19925475,7.86231137,5.304265018
30/8/2021,9327,9941,12530871,20126229,7.443217634,4.939325693
31/8/2021,9490,11407,12398833,20258267,7.653946142,5.630787668
1/9/2021,8299,10463,12193988,20463112,6.805812832,5.113103031
2/9/2021,9557,11431,11992919,20664181,7.968868963,5.531794364
3/9/2021,8598,10780,11829694,20827406,7.268150808,5.175872598
4/9/2021,8308,10749,11673850,20983250,7.116760966,5.122657358
5/9/2021,8852,11544,11520770,21136330,7.68351421,5.461686111
6/9/2021,7306,10046,11374233,21282867,6.423290256,4.720228717
7/9/2021,8142,10405,11226980,21430120,7.252172891,4.855315789
8/9/2021,8191,11542,11085727,21571373,7.388780186,5.350609811
9/9/2021,8020,11287,10935957,21721143,7.333606012,5.196319549
10/9/2021,8437,12739,10809565,21847535,7.805124443,5.830863756
11/9/2021,8187,11363,10705295,21951805,7.647617371,5.176339713
12/9/2021,7478,11720,10614776,22042324,7.044896661,5.317043702
13/9/2021,6304,9769,10532014,22125086,5.985559837,4.415350069
14/9/2021,5993,9676,10447863,22209237,5.736101249,4.356745799
15/9/2021,7516,11979,10369386,22287714,7.248259444,5.374710031
16/9/2021,7028,11787,10299835,22357265,6.823410278,5.272111772
17/9/2021,6503,11074,10215080,22442020,6.366078386,4.934493419
18/9/2021,5572,9977,10131399,22525701,5.499734045,4.429162937
19/9/2021,5555,9399,10061600,22595500,5.520990697,4.159677812
20/9/2021,5150,9195,9957471,22699629,5.171995982,4.050726996
21/9/2021,5520,10239,9826089,22831011,5.617697947,4.484689706
22/9/2021,5290,9700,9694060,22963040,5.456949926,4.224179377
23/9/2021,5122,8632,9552566,23104534,5.361910088,3.736063233
24/9/2021,5046,9508,9427738,23229362,5.352291292,4.093095626
25/9/2021,5015,8884,9305181,23351919,5.389470662,3.80439826
26/9/2021,4409,8695,9182155,23474945,4.801705046,3.70394904
27/9/2021,3707,7252,9004862,23652238,4.116664975,3.066094633
28/9/2021,3800,7532,8828280,23828820,4.304349205,3.160878298
29/9/2021,3975,8459,8629580,24027520,4.606249667,3.52054644
30/9/2021,4141,8594,8454110,24202990,4.898209273,3.550800955
1/10/2021,3748,8141,8346653,24310447,4.490422688,3.348766068
2/10/2021,3652,7263,8252001,24405099,4.425593259,2.97601743
3/10/2021,2911,6155,8151833,24505267,3.570976,2.511704933
4/10/2021,2642,5433,8020112,24636988,3.294218335,2.205220865
5/10/2021,2577,6240,7891830,24765270,3.265402321,2.519657569
6/10/2021,2922,6458,7773581,24883519,3.758885384,2.595292089
7/10/2021,3029,6861,7661290,24995810,3.953642272,2.744860039
8/10/2021,2939,6812,7583488,25073612,3.875525352,2.716800435
9/10/2021,2601,6142,7540888,25116212,3.449195904,2.445432456
10/10/2021,2125,5248,7506920,25150180,2.830721521,2.086664986
11/10/2021,1952,4757,7450829,25206271,2.619842705,1.887228777
12/10/2021,2037,5239,7391580,25265520,2.7558384,2.073576954
13/10/2021,2166,5784,7336776,25320324,2.952250416,2.284330959
14/10/2021,2323,5761,7292291,25364809,3.185555815,2.271257
15/10/2021,2178,5242,7253081,25404019,3.002861818,2.063453031
16/10/2021,2152,5357,7235910,25421190,2.974055786,2.107297101
17/10/2021,1794,4351,7217611,25439489,2.48558699,1.710333097
18/10/2021,1441,3993,7183233,25473867,2.006060502,1.567488752
19/10/2021,1620,4125,7167033,25490067,2.260349576,1.618277425
20/10/2021,1396,4120,7134604,25522496,1.956660804,1.614262179
21/10/2021,1645,4565,7100247,25556853,2.316820809,1.786213663
22/10/2021,1768,4862,7070081,25587019,2.500678564,1.900182276
23/10/2021,1610,4218,7057498,25599602,2.281261716,1.647681866
24/10/2021,1595,4071,7045130,25611970,2.263975257,1.589491164
25/10/2021,1326,3456,7019715,25637385,1.888965578,1.3480314
26/10/2021,1465,4261,6993378,25663722,2.09483886,1.660320354
27/10/2021,1616,4532,6972332,25684768,2.317732432,1.764469899
28/10/2021,1748,4629,6951185,25705915,2.514679152,1.800752862
29/10/2021,1548,4512,6934862,25722238,2.23220015,1.754124194
30/10/2021,1583,4271,6927104,25729996,2.285226265,1.659930301
31/10/2021,1264,3715,6920141,25736959,1.826552378,1.443449477
1/11/2021,1186,3440,6909862,25747238,1.71638739,1.336065639
2/11/2021,1314,3757,6899398,25757702,1.904513988,1.458592851
3/11/2021,1361,3930,6890250,25766850,1.975254889,1.525215539
4/11/2021,1444,4269,6886884,25770216,2.096739251,1.656563531
5/11/2021,1198,3724,6880806,25776294,1.741075101,1.444738332
6/11/2021,1240,3461,6875555,25781545,1.803490773,1.342433124
7/11/2021,1134,3209,6871607,25785493,1.650268998,1.244498215
8/11/2021,1140,3403,6864605,25792495,1.660692786,1.319376043
9/11/2021,1445,3958,6855807,25801293,2.107702273,1.534031647
10/11/2021,1479,4764,6847140,25809960,2.160025938,1.845799064
11/11/2021,1598,4725,6837488,25819612,2.337115619,1.830004262
12/11/2021,1564,4953,6829426,25827674,2.290089972,1.917710437
13/11/2021,1409,4400,6825306,25831794,2.064376308,1.703327303
14/11/2021,1250,3912,6821295,25835805,1.832496615,1.514177708
15/11/2021,1269,3874,6814503,25842597,1.862204771,1.499075344
16/11/2021,1333,4080,6807041,25850059,1.958266448,1.578332955
17/11/2021,1458,4830,6800298,25856802,2.144023688,1.867980425
18/11/2021,1534,4846,6792523,25864577,2.258365559,1.873604969
19/11/2021,1641,4714,6785139,25871961,2.418520829,1.822049747
20/11/2021,1477,4382,6781760,25875340,2.177900722,1.693504317
21/11/2021,1143,3711,6778932,25878168,1.686106307,1.434027324
22/11/2021,1165,3720,6773621,25883479,1.71990727,1.437210199
23/11/2021,1362,4232,6768038,25889062,2.012400049,1.634667181
24/11/2021,1420,4335,6762545,25894555,2.099801184,1.674097122
25/11/2021,1485,4659,6756379,25900721,2.197922881,1.798791624
26/11/2021,1319,4182,6751228,25905872,1.953718642,1.614305822
27/11/2021,1237,3860,6748564,25908536,1.832982543,1.48985647
28/11/2021,1030,3209,6746150,25910950,1.526796766,1.238472538
29/11/2021,1030,3057,6741325,25915775,1.527889547,1.179590423
30/11/2021,1123,3756,6735916,25921184,1.66718231,1.449007885
1/12/2021,1363,4076,6730207,25926893,2.025197739,1.572112787
2/12/2021,1322,4484,6724417,25932683,1.965969689,1.729092204
3/12/2021,1312,4239,6719713,25937387,1.952464339,1.634320373
4/12/2021,1141,3755,6715976,25941124,1.698934005,1.447508597
5/12/2021,1015,3283,6713794,25943306,1.511812844,1.265451674
6/12/2021,1034,3228,6708296,25948804,1.541375038,1.24398797
7/12/2021,1129,3836,6703146,25953954,1.684283768,1.478002157
8/12/2021,1159,3861,6697929,25959171,1.730385616,1.487335632
9/12/2021,1208,4238,6692448,25964652,1.805019628,1.632219065
10/12/2021,1225,3833,6688172,25968928,1.831591652,1.475994696
11/12/2021,1103,3523,6686595,25970505,1.649569026,1.356538889
12/12/2021,801,2689,6684938,25972162,1.198216049,1.035339299
13/12/2021,796,2708,6680613,25976487,1.191507426,1.042481225
14/12/2021,950,3147,6676176,25980924,1.422970275,1.211273317
15/12/2021,875,3025,6671540,25985560,1.311541263,1.164108066
16/12/2021,951,3311,6666814,25990286,1.426468475,1.273937501
17/12/2021,963,3399,6663492,25993608,1.445188199,1.307629168
18/12/2021,1015,3068,6662106,25994994,1.523542255,1.180227239
19/12/2021,688,2420,6660464,25996636,1.032961067,0.930889674
20/12/2021,650,1939,6656855,26000245,0.976437071,0.745762203
21/12/2021,737,2403,6653368,26003732,1.107709659,0.924098126
22/12/2021,819,2700,6649775,26007325,1.231620619,1.038169054
23/12/2021,752,2758,6645958,26011142,1.131514824,1.060314845
24/12/2021,768,2760,6643538,26013562,1.156010547,1.060985035
25/12/2021,671,2489,6642918,26014182,1.010098273,0.956785802
26/12/2021,638,2140,6641979,26015121,0.960557087,0.822598519
27/12/2021,587,2170,6638431,26018669,0.884245087,0.834016529
28/12/2021,602,2295,6634731,26022369,0.907346507,0.88193354
29/12/2021,726,2957,6631057,26026043,1.094848076,1.136169644
30/12/2021,881,3116,6627390,26029710,1.329331758,1.197093629
31/12/2021,737,2836,6624312,26032788,1.112568369,1.089395419
1/1/2022,769,2617,6623700,26033400,1.160982532,1.005247106
2/1/2022,583,2299,6622204,26034896,0.88037155,0.883045586
3/1/2022,538,2152,6619162,26037938,0.81279171,0.826486337
4/1/2022,673,2169,6615946,26041154,1.017239258,0.832912397
5/1/2022,705,2565,6612829,26044271,1.066109527,0.984861508
6/1/2022,777,2766,6609566,26047534,1.175568865,1.061904747
7/1/2022,743,2638,6606573,26050527,1.124637539,1.01264746
8/1/2022,709,2542,6605192,26051908,1.073398018,0.975744272
9/1/2022,557,2331,6603953,26053147,0.843434228,0.894709572
10/1/2022,570,2071,6601536,26055564,0.863435419,0.794839828
11/1/2022,703,2472,6599225,26057875,1.065276604,0.948657556
12/1/2022,707,2491,6596937,26060163,1.071709492,0.955865088
13/1/2022,801,2883,6594574,26062526,1.214634941,1.106185947
14/1/2022,748,2598,6592666,26064434,1.134594108,0.996760567
15/1/2022,665,2409,6591404,26065696,1.00888976,0.924203213
16/1/2022,629,2381,6590460,26066640,0.954409859,0.913428044
17/1/2022,485,1857,6588303,26068797,0.736153149,0.712345875
18/1/2022,627,2618,6587163,26069937,0.951851351,1.004221836
19/1/2022,635,2594,6584720,26072380,0.964353837,0.994922596
20/1/2022,737,3027,6582747,26074353,1.119593386,1.160910877
21/1/2022,701,3345,6581094,26076006,1.065172447,1.282788476
22/1/2022,751,3365,6579963,26077137,1.141343804,1.290402393
23/1/2022,746,3110,6579038,26078062,1.133904379,1.192573282
24/1/2022,601,2613,6576877,26080223,0.913807572,1.001908611
25/1/2022,768,3298,6574589,26082511,1.168133856,1.26444881
26/1/2022,937,3807,6572744,26084356,1.4255842,1.459495492
27/1/2022,969,4470,6570832,26086268,1.474699094,1.713545226
28/1/2022,1164,4358,6568978,26088122,1.771965137,1.670492035
29/1/2022,1029,4110,6568165,26088935,1.56664761,1.575380521
30/1/2022,1008,3907,6567582,26089518,1.534811442,1.49753629
31/1/2022,1018,3756,6566517,26090583,1.550289141,1.439599874
1/2/2022,1143,4423,6566259,26090841,1.740717203,1.695230905
2/2/2022,1158,4578,6565902,26091198,1.763657149,1.754614717
3/2/2022,1118,4602,6563226,26093874,1.7034306,1.763632338
4/2/2022,1380,5854,6560396,26096704,2.103531555,2.243195156
5/2/2022,1742,7375,6544277,26112823,2.661867766,2.82428292
6/2/2022,2011,8078,6527625,26129475,3.080752954,3.091527863
7/2/2022,2134,8900,6517751,26139349,3.274135511,3.404828483
8/2/2022,2591,11353,6506390,26150710,3.982238999,4.341373523
9/2/2022,3215,13919,6491521,26165579,4.952614341,5.319584176
10/2/2022,3633,15457,6472390,26184710,5.613073378,5.903063276
11/2/2022,3858,17081,6450757,26206343,5.980693429,6.517887673
12/2/2022,4079,18723,6410192,26246908,6.363303938,7.133411677
13/2/2022,3815,17257,6374055,26283045,5.985200944,6.565829796
14/2/2022,3793,17522,6334067,26323033,5.988253677,6.656527764
15/2/2022,3993,18140,6290377,26366723,6.347791237,6.879884163
16/2/2022,5093,22738,6243759,26413341,8.156945199,8.608528546
17/2/2022,4985,21716,6188387,26468713,8.055410885,8.20440344
18/2/2022,5009,22799,6143377,26513723,8.153496033,8.598943272
19/2/2022,5081,23744,6069067,26588033,8.37196228,8.930333432
20/2/2022,4701,22131,6006888,26650212,7.826015734,8.304249137
21/2/2022,4389,20710,5952872,26704228,7.372911764,7.755326235
22/2/2022,4800,22379,5899407,26757693,8.136410999,8.363576038
23/2/2022,5628,25571,5849791,26807309,9.62085654,9.538816447
24/2/2022,5095,26975,5800644,26856456,8.783507486,10.04413985
25/2/2022,5208,25436,5754780,26902320,9.04986811,9.454946637
26/2/2022,4591,22708,5698269,26958831,8.056832698,8.4232139
27/2/2022,4166,20300,5655229,27001871,7.366633606,7.517997549
28/2/2022,3677,19423,5619871,27037229,6.542854809,7.18379831
1/3/2022,4058,21796,5592572,27064528,7.256053208,8.053345693
2/3/2022,4393,23107,5564778,27092322,7.894295154,8.528984706
3/3/2022,4969,27498,5540308,27116792,8.968815452,10.14058005
4/3/2022,5164,28045,5516514,27140586,9.360984129,10.33323304
5/3/2022,4899,28507,5485362,27171738,8.93104229,10.49141575
6/3/2022,4055,23380,5460204,27196896,7.426462455,8.596569256
7/3/2022,3820,23036,5443577,27213523,7.017444596,8.464909156
8/3/2022,4410,27080,5423328,27233772,8.131538421,9.943536283
9/3/2022,4258,25988,5404073,27253027,7.879242194,9.53582147
10/3/2022,4429,26358,5383381,27273719,8.227171735,9.664248576
11/3/2022,4756,28044,5358776,27298324,8.875161044,10.27315816
12/3/2022,3545,22705,5332065,27325035,6.648456086,8.309229979
13/3/2022,3207,19328,5308038,27349062,6.041780409,7.067152797
14/3/2022,3109,18921,5292859,27364241,5.873952055,6.914498378
15/3/2022,3789,22745,5274188,27382912,7.184044255,8.306275096
16/3/2022,4361,23937,5260207,27396893,8.290548262,8.737122125
17/3/2022,3785,23219,5245786,27411314,7.215315303,8.470589918
18/3/2022,3302,20939,5226249,27430851,6.318106925,7.633376012
19/3/2022,3176,19165,5209543,27447557,6.09650405,6.982406485
20/3/2022,2677,16428,5198530,27458570,5.149532656,5.98283159
21/3/2022,2655,15173,5193302,27463798,5.112354336,5.524727498
22/3/2022,2949,18534,5186517,27470583,5.68589672,6.746853534
23/3/2022,3148,19343,5179940,27477160,6.077290471,7.039664944
24/3/2022,3015,21301,5172772,27484328,5.82859635,7.75023497
25/3/2022,2992,18847,5159560,27497540,5.798944096,6.854067673
26/3/2022,3005,17918,5145674,27511426,5.839856936,6.5129303
27/3/2022,2172,14691,5138845,27518255,4.226630692,5.338637933
28/3/2022,2003,11333,5133873,27523227,3.901537884,4.117613098
29/3/2022,2299,12916,5127421,27529679,4.483735586,4.691663858
30/3/2022,2288,13653,5121491,27535609,4.46744903,4.958306896
31/3/2022,2843,15717,5113638,27543462,5.559642665,5.706254355
1/4/2022,2672,14804,5102464,27554636,5.236685648,5.372598644
2/4/2022,2101,12591,5092841,27564259,4.125398771,4.56787175
3/4/2022,1855,10525,5089977,27567123,3.644417254,3.817953727
4/4/2022,1481,8521,5086626,27570474,2.911556698,3.090625138
5/4/2022,1801,10216,5083186,27573914,3.54305351,3.704950991
6/4/2022,1743,10362,5079274,27577826,3.431592783,3.757366516
7/4/2022,1785,10209,5074724,27582376,3.517432672,3.701276496
8/4/2022,1925,13019,5067343,27589757,3.798835011,4.718780234
9/4/2022,1687,8490,5059794,27597306,3.334127832,3.076387239
10/4/2022,1182,6930,5055452,27601648,2.33806987,2.51071965
11/4/2022,1177,6562,5050567,27606533,2.330431415,2.376973595
12/4/2022,1197,7805,5045512,27611588,2.372405417,2.826711741
13/4/2022,1316,8736,5039393,27617707,2.611425622,3.163188023
14/4/2022,1734,8679,5030137,27626963,3.447222213,3.141496226
15/4/2022,1255,8418,5017970,27639130,2.501011365,3.045681973
16/4/2022,1412,8293,5002228,27654872,2.822742186,2.998748286
17/4/2022,794,5829,4990244,27666856,1.591104563,2.106853052
18/4/2022,937,6203,4980373,27676727,1.881385189,2.241233221
19/4/2022,670,5399,4972185,27684915,1.347496121,1.9501595
20/4/2022,811,6157,4960047,27697053,1.635065152,2.222980185
21/4/2022,745,5154,4944948,27712152,1.506588138,1.85983391
22/4/2022,708,5634,4927423,27729677,1.436856548,2.031758249
23/4/2022,675,4949,4908755,27748345,1.375094092,1.783529792
24/4/2022,454,3552,4896112,27760988,0.92726637,1.279493367
25/4/2022,319,2159,4887683,27769417,0.652660985,0.77747401
26/4/2022,410,2951,4879899,27777201,0.840181323,1.062382059
27/4/2022,414,3057,4871024,27786076,0.849923958,1.100191333
28/4/2022,289,2646,4862188,27794912,0.594382611,0.951972793
29/4/2022,259,2320,4850648,27806452,0.533949279,0.834338735
30/4/2022,231,1876,4842866,27814234,0.476990278,0.674474803
1/5/2022,172,1331,4840495,27816605,0.35533556,0.478491175
2/5/2022,167,1185,4839697,27817403,0.345062924,0.425992319
3/5/2022,97,825,4839060,27818040,0.200452154,0.296570139
4/5/2022,162,892,4838342,27818758,0.334825442,0.320646953
5/5/2022,162,1116,4836016,27821084,0.334986485,0.401134621
6/5/2022,152,1099,4831448,27825652,0.314605476,0.394959299
7/5/2022,157,1215,4826281,27830819,0.325302236,0.436566383
8/5/2022,223,1930,4818103,27838997,0.46283776,0.693272103
9/5/2022,201,2045,4809265,27847835,0.417943282,0.73434793
10/5/2022,288,2317,4798918,27858182,0.60013528,0.831712565
11/5/2022,305,3016,4785782,27871318,0.637304415,1.082116031
12/5/2022,313,3097,4767720,27889380,0.656498284,1.110458533
13/5/2022,248,2781,4744620,27912480,0.522697287,0.996328524
14/5/2022,202,2171,4726634,27930466,0.427365436,0.777287425
15/5/2022,230,2009,4716446,27940654,0.487655324,0.719023971
16/5/2022,195,1502,4713655,27943445,0.413691711,0.537514254
17/5/2022,166,1303,4709861,27947239,0.352452015,0.466235681
18/5/2022,163,1854,4706214,27950886,0.346350591,0.663306344
19/5/2022,214,1910,4701340,27955760,0.455189372,0.683222348
20/5/2022,203,1860,4693208,27963892,0.43253996,0.665143464
21/5/2022,173,1848,4684827,27972273,0.369277243,0.660654213
22/5/2022,176,1641,4678403,27978697,0.376196749,0.586517664
23/5/2022,115,1429,4674483,27982617,0.246016511,0.51067418
24/5/2022,161,1757,4670258,27986842,0.344734702,0.627795019
25/5/2022,167,2263,4665876,27991224,0.357917784,0.808467683
26/5/2022,185,1660,4659282,27997818,0.397056886,0.592903347
27/5/2022,212,1665,4649992,28007108,0.455914763,0.594491941
28/5/2022,147,1498,4641198,28015902,0.316728569,0.534696331
29/5/2022,94,1061,4634007,28023093,0.202848205,0.378616308
30/5/2022,148,1177,4628031,28029069,0.319790425,0.41992119
31/5/2022,125,1326,4619983,28037117,0.270563766,0.47294449
1/6/2022,138,1671,4619082,28038018,0.298760663,0.595976506
2/6/2022,147,1730,4618108,28038992,0.318312175,0.616997929
3/6/2022,149,1695,4615801,28041299,0.322804211,0.604465578
4/6/2022,94,1497,4613625,28043475,0.203744344,0.533814016
5/6/2022,96,1262,4612020,28045080,0.208151743,0.449989802
6/6/2022,105,1225,4611655,28045445,0.227683988,0.436791072
7/6/2022,104,1024,4610961,28046139,0.225549511,0.365112645
8/6/2022,109,1409,4610241,28046859,0.236430156,0.502373546
9/6/2022,157,1730,4609390,28047710,0.340609061,0.616806149
10/6/2022,146,2020,4608148,28048952,0.316830102,0.720169509
11/6/2022,152,1557,4607280,28049820,0.32991266,0.555083776
12/6/2022,134,1437,4606188,28050912,0.290913007,0.512282809
13/6/2022,129,1963,4605737,28051363,0.280085467,0.699787743
14/6/2022,144,1778,4604931,28052169,0.312708269,0.633819082
15/6/2022,158,2162,4603594,28053506,0.343210109,0.770670162
16/6/2022,162,1871,4602910,28054190,0.351951266,0.66692355
17/6/2022,164,1966,4601955,28055145,0.356370282,0.70076273
18/6/2022,151,1976,4600719,28056381,0.328209569,0.70429611
19/6/2022,130,1560,4599788,28057312,0.282621721,0.556004795
20/6/2022,132,1961,4599182,28057918,0.287007559,0.698911445
21/6/2022,141,1780,4598429,28058671,0.306626459,0.634385
22/6/2022,195,2230,4597161,28059939,0.424174833,0.794727316
23/6/2022,171,2625,4594730,28062370,0.372165503,0.93541636
24/6/2022,187,2325,4591748,28065352,0.407252314,0.828423602
25/6/2022,180,2122,4590464,28066636,0.392117224,0.756057833
26/6/2022,169,1834,4589587,28067513,0.368224853,0.653424477
27/6/2022,156,1738,4589261,28067839,0.33992401,0.619214041
28/6/2022,175,1850,4589003,28068097,0.381346449,0.659111303
29/6/2022,199,2406,4588656,28068444,0.433678184,0.857190374
30/6/2022,245,2622,4587906,28069194,0.534012685,0.93412016
1/7/2022,236,2537,4586832,28070268,0.514516337,0.90380327
2/7/2022,271,2256,4585790,28071310,0.590955975,0.803667517
3/7/2022,189,2347,4585309,28071791,0.412185962,0.83607063
4/7/2022,140,1778,4584901,28072199,0.305350105,0.633366841
5/7/2022,190,2742,4584245,28072855,0.414463014,0.976744261
6/7/2022,291,3270,4583904,28073196,0.634830049,1.164812157
7/7/2022,267,3753,4583268,28073832,0.582553759,1.336832108
8/7/2022,287,3302,4582597,28074503,0.626282433,1.176156173
9/7/2022,247,2552,4582182,28074918,0.539044499,0.908996422
10/7/2022,251,3013,4581699,28075401,0.54783171,1.073181466
11/7/2022,216,2201,4581600,28075500,0.471451021,0.783957543
12/7/2022,196,2149,4581383,28075717,0.427818412,0.76543014
13/7/2022,259,3675,4581082,28076018,0.565368618,1.308946304
14/7/2022,324,3774,4580295,28076805,0.707378018,1.344170036
15/7/2022,339,4891,4579635,28077465,0.740233665,1.741966378
16/7/2022,376,4671,4579019,28078081,0.82113658,1.663575228
17/7/2022,321,3615,4578555,28078545,0.701094559,1.287459874
18/7/2022,240,2840,4578212,28078888,0.52422212,1.011436065
19/7/2022,345,3557,4577855,28079245,0.753628064,1.266771952
20/7/2022,391,5294,4577355,28079745,0.854205103,1.885344757
21/7/2022,382,4205,4576902,28080198,0.834625692,1.497496563
22/7/2022,319,3561,4576240,28080860,0.697078825,1.268123555
23/7/2022,340,4476,4575191,28081909,0.743138374,1.593908733
24/7/2022,288,2432,4574452,28082648,0.629583609,0.866015199
25/7/2022,309,2991,4574164,28082936,0.675533278,1.065059579
26/7/2022,354,4405,4573784,28083316,0.773976209,1.568546962
27/7/2022,354,4149,4573320,28083780,0.774054735,1.477365226
28/7/2022,370,3556,4572905,28084195,0.809113682,1.266192604
29/7/2022,366,4494,4572176,28084924,0.800494119,1.600146755
30/7/2022,334,3937,4571763,28085337,0.730571554,1.401799095
31/7/2022,319,2464,4570883,28086217,0.69789579,0.877298641
1/8/2022,298,2915,4570674,28086426,0.651982618,1.037867901
2/8/2022,338,3866,4570282,28086818,0.739560491,1.376446417
3/8/2022,418,4912,4569739,28087361,0.914713072,1.748829304
4/8/2022,395,4018,4569296,28087804,0.864465773,1.430514112
5/8/2022,373,3554,4568760,28088340,0.816414082,1.265293713
6/8/2022,371,4313,4567779,28089321,0.812210924,1.535458974
7/8/2022,311,2417,4567510,28089590,0.680896156,0.860461117
8/8/2022,323,2540,4567255,28089845,0.707208159,0.904241373
9/8/2022,323,2760,4566919,28090181,0.70726019,0.982549739
10/8/2022,426,4470,4566304,28090796,0.932920804,1.591268542
11/8/2022,482,4349,4565784,28091316,1.055678499,1.548165276
12/8/2022,377,3566,4565167,28091933,0.825818639,1.269403569
13/8/2022,352,3982,4564390,28092710,0.771187388,1.41744958
14/8/2022,297,2748,4564143,28092957,0.650724572,0.978181115
15/8/2022,282,2155,4563923,28093177,0.617889478,0.767090173
16/8/2022,364,3065,4563718,28093382,0.797595294,1.09100428
17/8/2022,336,3180,4563401,28093699,0.736292953,1.131926415
18/8/2022,364,3707,4562996,28094104,0.797721497,1.319493941
19/8/2022,363,3127,4562400,28094700,0.795633877,1.113021317
20/8/2022,286,2512,4562005,28095095,0.626917331,0.894106249
21/8/2022,245,2219,4561759,28095341,0.537073528,0.789810666
22/8/2022,262,1816,4561472,28095628,0.574375991,0.646363911
23/8/2022,277,2445,4561223,28095877,0.607293263,0.870234448
24/8/2022,327,2309,4560957,28096143,0.716954797,0.821820988
25/8/2022,278,2928,4560471,28096629,0.609586159,1.0421179
26/8/2022,305,2813,4559940,28097160,0.66886845,1.001168801
27/8/2022,240,2251,4559591,28097509,0.526363001,0.801138635
28/8/2022,220,1971,4559382,28097718,0.482521535,0.701480455
29/8/2022,247,1699,4559158,28097942,0.541766703,0.60467062
30/8/2022,205,1939,4559007,28098093,0.449659323,0.690082419
31/8/2022,234,2106,4558933,28098167,0.513277997,0.749515084
1/9/2022,217,2139,4558643,28098457,0.47601885,0.761251766
2/9/2022,198,2130,4558128,28098972,0.434388854,0.758034849
3/9/2022,180,2064,4557851,28099249,0.394922958,0.734539204
4/9/2022,182,1722,4557665,28099435,0.399327287,0.61282371
5/9/2022,160,1326,4557347,28099753,0.351081452,0.471890269
6/9/2022,186,1881,4556806,28100294,0.408180642,0.669388014
7/9/2022,206,2222,4556178,28100922,0.452133345,0.790721386
8/9/2022,205,2021,4555749,28101351,0.449980892,0.719182505
9/9/2022,180,1810,4555266,28101834,0.395147067,0.644086076
10/9/2022,213,1758,4554945,28102155,0.467623649,0.6255748
11/9/2022,157,1326,4554814,28102286,0.344690255,0.471847735
12/9/2022,191,1656,4554709,28102391,0.419346219,0.589273703
13/9/2022,178,1764,4554548,28102552,0.390818145,0.627701
14/9/2022,232,2199,4554232,28102868,0.509416297,0.782482414
15/9/2022,218,2157,4553902,28103198,0.478710346,0.767528308
16/9/2022,211,1766,4553724,28103376,0.463357024,0.628394254
17/9/2022,160,1412,4553495,28103605,0.351378447,0.502426646
18/9/2022,168,1471,4553383,28103717,0.368956444,0.523418308
19/9/2022,144,1163,4553271,28103829,0.31625616,0.413822615
20/9/2022,200,1467,4553105,28103995,0.43926068,0.521989845
21/9/2022,195,1916,4552983,28104117,0.428290639,0.681750649
22/9/2022,219,2026,4552705,28104395,0.481032705,0.720883691
23/9/2022,174,1896,4552300,28104800,0.38222437,0.674617859
24/9/2022,160,1764,4552081,28105019,0.351487594,0.627645902
25/9/2022,143,1465,4551930,28105170,0.314152458,0.521256409
26/9/2022,153,1033,4551836,28105264,0.336128103,0.367546805
27/9/2022,195,1357,4551686,28105414,0.42841268,0.482825124
28/9/2022,185,2260,4551295,28105805,0.406477717,0.804104348
29/9/2022,191,1676,4551051,28106049,0.419683278,0.596312915
30/9/2022,169,1838,4550718,28106382,0.371369968,0.653944005
1/10/2022,169,1457,4550380,28106720,0.371397554,0.518381369
2/10/2022,122,1238,4550252,28106848,0.268117019,0.440462054
3/10/2022,122,1122,4550093,28107007,0.268126388,0.399188715
4/10/2022,151,1332,4549949,28107151,0.331871852,0.473900752
5/10/2022,143,1579,4549829,28107271,0.314297526,0.561776346
6/10/2022,145,1649,4549658,28107442,0.318705274,0.586677365
7/10/2022,177,1611,4549431,28107669,0.389059643,0.573153185
8/10/2022,161,1466,4549185,28107915,0.353909546,0.521561276
9/10/2022,149,1304,4549112,28107988,0.327536451,0.463925059
10/10/2022,92,1149,4549052,28108048,0.202239939,0.40877972
11/10/2022,112,1179,4548974,28108126,0.246209365,0.419451656
12/10/2022,131,1497,4548870,28108230,0.287983609,0.532584229
13/10/2022,186,1904,4548692,28108408,0.408908759,0.677377388
14/10/2022,190,2041,4548431,28108669,0.417726464,0.726110511
15/10/2022,166,1857,4548194,28108906,0.364980034,0.660644708
16/10/2022,144,1568,4548118,28108982,0.316614477,0.557828811
17/10/2022,117,1093,4548028,28109072,0.257254353,0.388842435
18/10/2022,159,1714,4547862,28109238,0.34961483,0.60976395
19/10/2022,176,2119,4547784,28109316,0.387001669,0.753842605
20/10/2022,191,2370,4547618,28109482,0.420000097,0.843131866
21/10/2022,185,2071,4547357,28109743,0.406829725,0.736755224
22/10/2022,198,2420,4547181,28109919,0.435434613,0.860906074
23/10/2022,142,1912,4547049,28110051,0.312290455,0.680183753
24/10/2022,134,1603,4547006,28110094,0.294699413,0.570257787
25/10/2022,129,1614,4546946,28110154,0.28370691,0.574169747
26/10/2022,146,1990,4546831,28110269,0.321102764,0.707926345
27/10/2022,211,2551,4546639,28110461,0.46407907,0.907491343
28/10/2022,217,3079,4546431,28110669,0.477297467,1.095313669
29/10/2022,229,2960,4546203,28110897,0.503717058,1.052972447
30/10/2022,188,2941,4546102,28110998,0.413541095,1.046209743
31/10/2022,239,2674,4546011,28111089,0.525735639,0.951226045
1/11/2022,265,2648,4545949,28111151,0.582936588,0.941974948
2/11/2022,277,3692,4545851,28111249,0.609346853,1.313353242
3/11/2022,296,4415,4545622,28111478,0.651176011,1.570532862
4/11/2022,286,4074,4545368,28111732,0.62921198,1.449217003
5/11/2022,296,4325,4545131,28111969,0.651246356,1.538490598
6/11/2022,304,3609,4545019,28112081,0.668864091,1.283789699
7/11/2022,240,2281,4544962,28112138,0.52805722,0.811393285
8/11/2022,240,3541,4544892,28112208,0.528065353,1.25959512
9/11/2022,239,3028,4544776,28112324,0.525878503,1.077107677
10/11/2022,284,3152,4544635,28112465,0.624912672,1.121210822
11/11/2022,272,2973,4544240,28112860,0.598559935,1.057523141
12/11/2022,247,2635,4543944,28113156,0.543580643,0.937283598
13/11/2022,221,2013,4543811,28113289,0.486375864,0.716031482
14/11/2022,163,1586,4543735,28113365,0.35873571,0.564144491
15/11/2022,230,2622,4543603,28113497,0.506206198,0.932648116
16/11/2022,237,3067,4543457,28113643,0.521629235,1.090929411
17/11/2022,274,3183,4543296,28113804,0.603086394,1.132184033
18/11/2022,314,2723,4543084,28114016,0.691160454,0.96855604
19/11/2022,192,2258,4543038,28114062,0.422624684,0.803156797
20/11/2022,221,1412,4542946,28114154,0.486468472,0.502238125
21/11/2022,249,1872,4542880,28114220,0.54811045,0.665855215
22/11/2022,241,2275,4542779,28114321,0.53051227,0.809196139
23/11/2022,298,3239,4542710,28114390,0.65599609,1.15207906
24/11/2022,309,2568,4542487,28114613,0.680244104,0.913404001
25/11/2022,329,2695,4542162,28114938,0.724324672,0.958565158
26/11/2022,311,2587,4541894,28115206,0.684736368,0.920142645
27/11/2022,201,1821,4541762,28115338,0.442559518,0.647689172
28/11/2022,174,2291,4541717,28115383,0.38311502,0.814856408
29/11/2022,171,1501,4541569,28115531,0.376521858,0.533868629
30/11/2022,195,1542,4541440,28115660,0.429379228,0.5484488
1/12/2022,261,2114,4541254,28115846,0.574731121,0.751889166
2/12/2022,239,2182,4541020,28116080,0.526313471,0.776068357
3/12/2022,180,1686,4540839,28116261,0.396402515,0.599652991
4/12/2022,138,1364,4540749,28116351,0.303914618,0.485126964
5/12/2022,167,1409,4540698,28116402,0.367784865,0.501130977
6/12/2022,190,1459,4540626,28116474,0.418444505,0.518912862
7/12/2022,168,1514,4540540,28116560,0.370000044,0.538472701
8/12/2022,179,1437,4540402,28116698,0.394238219,0.511084196
9/12/2022,167,1430,4540091,28117009,0.367834037,0.508588947
10/12/2022,158,1157,4539873,28117227,0.348027357,0.411491503
11/12/2022,106,761,4539785,28117315,0.233491234,0.270651732
12/12/2022,97,712,4539741,28117359,0.213668577,0.253224352
13/12/2022,124,916,4539675,28117425,0.273147307,0.325776631
14/12/2022,124,1117,4539599,28117501,0.27315188,0.397261478
15/12/2022,129,1032,4539334,28117766,0.284182658,0.367027736
16/12/2022,123,1015,4539097,28118003,0.270979007,0.360978694
17/12/2022,112,881,4538915,28118185,0.246755006,0.313320365
18/12/2022,74,773,4538842,28118258,0.16303718,0.274910345
19/12/2022,86,635,4538770,28118330,0.189478647,0.225831335
20/12/2022,82,734,4538677,28118423,0.180669389,0.261038821
21/12/2022,89,895,4538588,28118512,0.196096231,0.318295648
22/12/2022,99,759,4538472,28118628,0.21813509,0.269927822
23/12/2022,98,804,4538268,28118832,0.215941412,0.285929373
24/12/2022,80,686,4538153,28118947,0.176283171,0.243963616
25/12/2022,74,535,4538125,28118975,0.163062939,0.190262981
26/12/2022,51,429,4538071,28119029,0.112382552,0.152565723
27/12/2022,51,372,4537974,28119126,0.112384954,0.132294297
28/12/2022,68,412,4537893,28119207,0.14984928,0.146519068
29/12/2022,85,594,4537740,28119360,0.187317916,0.211242361
30/12/2022,77,506,4537488,28119612,0.169697418,0.179945584
31/12/2022,52,461,4537293,28119807,0.114605779,0.163941381
1/1/2023,54,366,4537253,28119847,0.119014743,0.13015718
2/1/2023,49,311,4537198,28119902,0.107996169,0.110597825
3/1/2023,44,289,4537137,28119963,0.096977455,0.102773962
4/1/2023,58,375,4537045,28120055,0.12783651,0.13335678
5/1/2023,70,501,4536915,28120185,0.154289864,0.178163835
6/1/2023,71,472,4536597,28120503,0.156504975,0.16784906
7/1/2023,65,506,4536276,28120824,0.143289341,0.179937828
8/1/2023,55,350,4536124,28120976,0.12124889,0.124462252
9/1/2023,44,339,4536012,28121088,0.097001507,0.120550101
10/1/2023,51,329,4535916,28121184,0.112435945,0.116993651
11/1/2023,56,311,4535820,28121280,0.123461689,0.110592405
12/1/2023,50,333,4535642,28121458,0.110237977,0.118414913
13/1/2023,42,278,4535290,28121810,0.092607088,0.098855657
14/1/2023,33,254,4535043,28122057,0.072766675,0.090320562
15/1/2023,28,216,4534914,28122186,0.061743177,0.076807685
16/1/2023,24,203,4534839,28122261,0.052923599,0.072184808
17/1/2023,40,310,4534758,28122342,0.088207574,0.11023264
18/1/2023,36,335,4534648,28122452,0.079388742,0.119121903
19/1/2023,40,278,4534507,28122593,0.088212456,0.098852904
20/1/2023,30,255,4534281,28122819,0.06616264,0.090673698
21/1/2023,43,250,4534172,28122928,0.094835397,0.088895438
22/1/2023,53,256,4534151,28122949,0.116890681,0.09102886
23/1/2023,15,127,4534127,28122973,0.033082443,0.04515881
24/1/2023,14,87,4534092,28123008,0.030877186,0.030935524
25/1/2023,25,107,4533795,28123305,0.055141443,0.038046737
26/1/2023,28,144,4533568,28123532,0.061761509,0.051202673
27/1/2023,38,198,4533399,28123701,0.083822315,0.070403252
28/1/2023,23,235,4533305,28123795,0.050735611,0.083559136
29/1/2023,40,229,4533235,28123865,0.088237208,0.081425508
30/1/2023,27,175,4533168,28123932,0.059560996,0.062224585
31/1/2023,26,225,4533113,28123987,0.057355729,0.080002882
1/2/2023,28,297,4533049,28124051,0.06176858,0.105603563
2/2/2023,34,290,4532976,28124124,0.075005912,0.103114323
3/2/2023,28,312,4532685,28124415,0.06177354,0.110935641
4/2/2023,22,180,4532529,28124571,0.048538024,0.064000976
5/2/2023,33,178,4532440,28124660,0.072808465,0.063289654
6/2/2023,29,146,4532381,28124719,0.06398403,0.05191163
7/2/2023,22,162,4532262,28124838,0.048540883,0.057600332
8/2/2023,34,155,4532184,28124916,0.07501902,0.055111276
9/2/2023,35,234,4532096,28125004,0.077226961,0.083199988
10/2/2023,21,234,4531922,28125178,0.046337956,0.083199473
11/2/2023,29,230,4531805,28125295,0.063992162,0.08177692
12/2/2023,18,142,4531748,28125352,0.039719773,0.050488257
13/2/2023,17,147,4531711,28125389,0.037513425,0.052265944
14/2/2023,23,177,4531648,28125452,0.050754163,0.062932322
15/2/2023,23,214,4531591,28125509,0.050754801,0.076087512
16/2/2023,25,256,4531512,28125588,0.055169224,0.091020319
17/2/2023,27,214,4531284,28125816,0.05958576,0.076086681
18/2/2023,20,192,4531136,28125964,0.044139042,0.068264327
19/2/2023,24,162,4531099,28126001,0.052967282,0.05759795
20/2/2023,18,149,4531038,28126062,0.039725997,0.052975777
21/2/2023,21,163,4530952,28126148,0.046347876,0.05795319
22/2/2023,17,212,4530892,28126208,0.037520206,0.07537454
23/2/2023,22,202,4530713,28126387,0.048557479,0.07181868
24/2/2023,19,185,4530459,28126641,0.041938355,0.06577394
25/2/2023,10,163,4530337,28126763,0.022073413,0.057951923
26/2/2023,24,183,4530290,28126810,0.052976741,0.06506248
27/2/2023,24,166,4530215,28126885,0.052977618,0.059018267
28/2/2023,29,177,4530146,28126954,0.064015597,0.062928961
1/3/2023,18,199,4530036,28127064,0.039734784,0.070750363
2/3/2023,20,224,4529970,28127130,0.044150403,0.079638413
3/3/2023,22,182,4529825,28127275,0.048566998,0.064705877
4/3/2023,18,152,4529727,28127373,0.039737494,0.054039885
5/3/2023,14,150,4529678,28127422,0.030907274,0.053328741
6/3/2023,24,164,4529637,28127463,0.052984378,0.058306005
7/3/2023,18,208,4529593,28127507,0.03973867,0.073948964
8/3/2023,16,219,4529539,28127561,0.035323683,0.077859577
9/3/2023,28,251,4529456,28127644,0.061817578,0.089236055
10/3/2023,28,223,4529359,28127741,0.061818902,0.079281162
11/3/2023,26,197,4529280,28127820,0.057404267,0.070037422
12/3/2023,22,205,4529232,28127868,0.048573356,0.072881457
13/3/2023,26,191,4529186,28127914,0.057405459,0.067904076
14/3/2023,21,248,4529151,28127949,0.046366306,0.088168533
15/3/2023,22,251,4529092,28128008,0.048574858,0.089234901
16/3/2023,38,273,4529010,28128090,0.083903546,0.097056003
17/3/2023,26,255,4528900,28128200,0.057409084,0.090656352
18/3/2023,18,252,4528822,28128278,0.039745435,0.089589558
19/3/2023,24,233,4528804,28128296,0.052994124,0.082834737
20/3/2023,33,164,4528772,28128328,0.072867435,0.058304212
21/3/2023,33,287,4528746,28128354,0.072867853,0.102032277
22/3/2023,33,334,4528656,28128444,0.072869302,0.118741015
23/3/2023,46,300,4528633,28128467,0.101575906,0.106653519
24/3/2023,33,353,4528548,28128552,0.072871039,0.125495262
25/3/2023,40,315,4528502,28128598,0.08832943,0.111985674
26/3/2023,35,292,4528470,28128630,0.077288797,0.103808824
27/3/2023,33,193,4528393,28128707,0.072873534,0.068613179
28/3/2023,47,310,4528358,28128742,0.103790381,0.110207559
29/3/2023,60,401,4528336,28128764,0.132499002,0.142558699
30/3/2023,50,443,4528294,28128806,0.110416859,0.157489799
31/3/2023,47,559,4528224,28128876,0.103793452,0.198728168
1/4/2023,53,546,4528176,28128924,0.117044921,0.194106252
2/4/2023,42,388,4528156,28128944,0.092752988,0.137936213
3/4/2023,43,415,4528117,28128983,0.094962211,0.147534662
4/4/2023,47,564,4528080,28129020,0.103796753,0.200504675
5/4/2023,83,664,4528047,28129053,0.183301984,0.236054872
6/4/2023,74,731,4527985,28129115,0.163428103,0.259873089
7/4/2023,70,727,4527939,28129161,0.154595722,0.258450652
8/4/2023,84,642,4527894,28129206,0.18551671,0.228232535
9/4/2023,57,460,4527872,28129228,0.125886951,0.163530972
10/4/2023,60,479,4527850,28129250,0.132513224,0.170285379
11/4/2023,56,542,4527817,28129283,0.12367991,0.192681769
12/4/2023,76,824,4527773,28129327,0.167852938,0.29293271
13/4/2023,99,776,4527732,28129368,0.218652517,0.275868267
14/4/2023,83,756,4527672,28129428,0.183317166,0.268757687
15/4/2023,71,810,4527634,28129466,0.156814796,0.287954275
16/4/2023,59,680,4527603,28129497,0.130311779,0.241739125
17/4/2023,36,454,4527540,28129560,0.079513378,0.161396055
18/4/2023,77,713,4527523,28129577,0.17007092,0.253469862
19/4/2023,91,693,4527499,28129601,0.20099397,0.246359698
20/4/2023,85,665,4527470,28129630,0.187742823,0.236405527
21/4/2023,69,633,4527429,28129671,0.152404378,0.225029294
22/4/2023,70,492,4527421,28129679,0.15461341,0.174904235
23/4/2023,52,397,4527412,28129688,0.114855904,0.141132031
24/4/2023,51,336,4527404,28129696,0.112647336,0.119446723
25/4/2023,77,484,4527390,28129710,0.170075916,0.172060075
26/4/2023,86,531,4527372,28129728,0.189955674,0.188768267
27/4/2023,89,743,4527358,28129742,0.196582643,0.264133244
28/4/2023,115,952,4527284,28129816,0.254015432,0.338430937
29/4/2023,102,948,4527212,28129888,0.225304227,0.337008096
30/4/2023,123,845,4527160,28129940,0.271693512,0.300391682
1/5/2023,85,708,4527129,28129971,0.187756965,0.251688848
2/5/2023,98,695,4527096,28130004,0.216474314,0.247067153
3/5/2023,160,1193,4527071,28130029,0.353429403,0.424101945
4/5/2023,152,1257,4527064,28130036,0.335758452,0.446853321
5/5/2023,122,1048,4526961,28130139,0.269496468,0.372554149
6/5/2023,129,981,4526912,28130188,0.284962464,0.348735671
7/5/2023,96,881,4526890,28130210,0.21206612,0.313186428
8/5/2023,121,925,4526845,28130255,0.26729433,0.328827449
9/5/2023,164,1097,4526583,28130517,0.362304193,0.389967948
10/5/2023,168,1265,4526457,28130643,0.371151212,0.449687552
11/5/2023,168,1161,4526416,28130684,0.371154574,0.412716591
12/5/2023,120,1202,4526371,28130729,0.265113045,0.42729074
13/5/2023,145,1060,4526312,28130788,0.320349105,0.376811343
14/5/2023,82,658,4526283,28130817,0.181164103,0.233907177
15/5/2023,73,667,4526264,28130836,0.161280915,0.237106355
16/5/2023,107,957,4526244,28130856,0.236399098,0.340195833
17/5/2023,113,906,4526226,28130874,0.249656115,0.322066069
18/5/2023,120,999,4526200,28130900,0.265123061,0.355125503
19/5/2023,96,875,4526163,28130937,0.212100183,0.311045451
20/5/2023,85,701,4526115,28130985,0.187799029,0.249191417
21/5/2023,84,665,4526095,28131005,0.185590448,0.236393972
22/5/2023,78,575,4526082,28131018,0.172334483,0.204400708
23/5/2023,105,842,4525848,28131252,0.232000721,0.299311243
24/5/2023,121,880,4525771,28131329,0.267357761,0.312818495
25/5/2023,89,754,4525538,28131562,0.196661701,0.268026354
26/5/2023,92,734,4525469,28131631,0.203293846,0.260916262
27/5/2023,110,672,4525428,28131672,0.243070932,0.238876665
28/5/2023,52,530,4525381,28131719,0.114907452,0.188399436
29/5/2023,67,446,4525364,28131736,0.148054389,0.158539807
30/5/2023,92,687,4525331,28131769,0.203300046,0.244207892
31/5/2023,73,672,4525209,28131891,0.161318516,0.238874806
1/6/2023,73,593,4525091,28132009,0.161322723,0.210791913
2/6/2023,65,604,4525025,28132075,0.143645615,0.214701546
3/6/2023,66,503,4524997,28132103,0.14585645,0.178799288
4/6/2023,52,408,4524930,28132170,0.114918905,0.145029694
5/6/2023,37,307,4524928,28132172,0.081769257,0.109127728
6/6/2023,65,362,4524917,28132183,0.143649044,0.128678247
7/6/2023,71,589,4524900,28132200,0.156909545,0.209368624
8/6/2023,94,587,4524869,28132231,0.207740821,0.208657465
9/6/2023,59,565,4524837,28132263,0.130391437,0.200837025
10/6/2023,67,551,4524822,28132278,0.148072123,0.195860428
11/6/2023,65,447,4524810,28132290,0.143652441,0.158892148
12/6/2023,39,313,4524797,28132303,0.086191712,0.111259999
13/6/2023,79,494,4524742,28132358,0.17459559,0.175598505
14/6/2023,73,463,4524690,28132410,0.16133702,0.164578861
15/6/2023,45,421,4524679,28132421,0.099454569,0.149649403
16/6/2023,58,536,4524640,28132460,0.128186994,0.190527241
17/6/2023,42,358,4524609,28132491,0.092825701,0.127254995
18/6/2023,39,327,4524594,28132506,0.086195579,0.116235646
19/6/2023,38,246,4524549,28132551,0.083986271,0.08744319
20/6/2023,55,361,4524519,28132581,0.121559883,0.128320967
21/6/2023,49,400,4524510,28132590,0.10829902,0.142183852
22/6/2023,54,363,4524502,28132598,0.119350152,0.129031809
23/6/2023,36,389,4524426,28132674,0.079568104,0.138273383
24/6/2023,34,307,4524406,28132694,0.075147986,0.109125703
25/6/2023,39,239,4524390,28132710,0.086199466,0.084954489
26/6/2023,25,135,4524380,28132720,0.05525619,0.047986828
27/6/2023,42,240,4524371,28132729,0.092830584,0.085309889
28/6/2023,34,218,4524356,28132744,0.075148817,0.077489775
29/6/2023,31,192,4524356,28132744,0.068518039,0.068247875
30/6/2023,22,160,4524339,28132761,0.048625888,0.056873195
1/7/2023,20,151,4524333,28132767,0.044205411,0.053674066
2/7/2023,15,106,4524332,28132768,0.033154066,0.037678482
3/7/2023,25,155,4524327,28132773,0.055256837,0.055095884
4/7/2023,23,152,4524317,28132783,0.050836402,0.054029493
5/7/2023,25,174,4524296,28132804,0.055257216,0.061849505
6/7/2023,32,192,4524273,28132827,0.070729596,0.068247674
7/7/2023,27,157,4524265,28132835,0.059678202,0.055806676
8/7/2023,19,120,4524258,28132842,0.041995837,0.042654773
9/7/2023,16,121,4524256,28132844,0.035364931,0.043010227
10/7/2023,16,126,4524245,28132855,0.035365017,0.044787491
11/7/2023,29,149,4524233,28132867,0.064099263,0.052962963
12/7/2023,27,173,4524223,28132877,0.059678756,0.061493888
13/7/2023,12,158,4524219,28132881,0.026523915,0.05616204
14/7/2023,21,181,4524218,28132882,0.046416861,0.064337525
15/7/2023,17,156,4524212,28132888,0.037575604,0.055451115
16/7/2023,26,114,4524211,28132889,0.057468584,0.040521967
17/7/2023,10,112,4524006,28133094,0.022104303,0.039810765
18/7/2023,25,131,4524000,28133100,0.055260831,0.046564367
19/7/2023,21,138,4523997,28133103,0.046419129,0.049052534
20/7/2023,12,111,4523989,28133111,0.026525263,0.039455288
21/7/2023,23,106,4523984,28133116,0.050840144,0.037678016
22/7/2023,16,113,4523982,28133118,0.035367073,0.040166184
23/7/2023,11,85,4523982,28133118,0.024314862,0.030213501
24/7/2023,18,84,4523979,28133121,0.039787983,0.029858045
25/7/2023,18,121,4523977,28133123,0.039788001,0.0430098
26/7/2023,20,151,4523953,28133147,0.044209124,0.053673341
27/7/2023,27,150,4523952,28133148,0.059682331,0.053317887
28/7/2023,13,106,4523942,28133158,0.028736001,0.03767796
29/7/2023,21,109,4523942,28133158,0.046419693,0.038744317
30/7/2023,10,48,4523937,28133163,0.02210464,0.017061715
31/7/2023,9,56,4523933,28133167,0.019894194,0.019905331
1/8/2023,17,100,4523927,28133173,0.037577972,0.035545226
2/8/2023,20,97,4523924,28133176,0.044209408,0.034478866
3/8/2023,13,91,4523922,28133178,0.028736128,0.03234615
4/8/2023,22,107,4523915,28133185,0.048630445,0.038033376
5/8/2023,12,93,4523914,28133186,0.026525703,0.033057045
6/8/2023,9,64,4523911,28133189,0.019894291,0.022748932
7/8/2023,8,49,4523908,28133192,0.017683826,0.017417149
8/8/2023,11,56,4523906,28133194,0.024315271,0.019905312
9/8/2023,15,82,4523902,28133198,0.033157217,0.02914706
10/8/2023,12,97,4523893,28133207,0.026525826,0.034478828
11/8/2023,12,94,4523879,28133221,0.026525908,0.033412456
12/8/2023,12,61,4523870,28133230,0.026525961,0.021682544
13/8/2023,10,67,4523867,28133233,0.022104982,0.023815251
14/8/2023,14,61,4523866,28133234,0.030946982,0.021682541
15/8/2023,13,93,4523866,28133234,0.028736483,0.033056989
16/8/2023,16,115,4523859,28133241,0.035368034,0.040876911
17/8/2023,10,84,4523846,28133254,0.022105085,0.029857904
18/8/2023,19,94,4523833,28133267,0.041999782,0.033412401
19/8/2023,18,96,4523826,28133274,0.039789329,0.034123295
20/8/2023,17,53,4523825,28133275,0.037578819,0.018838902
21/8/2023,17,55,4523821,28133279,0.037578852,0.019549801
22/8/2023,15,90,4523814,28133286,0.033157862,0.031990575
23/8/2023,18,118,4523807,28133293,0.039789496,0.041943188
24/8/2023,17,90,4523799,28133301,0.037579035,0.031990558
25/8/2023,21,95,4523772,28133328,0.046421438,0.033767779
26/8/2023,9,81,4523764,28133336,0.019894937,0.028791466
27/8/2023,18,55,4523761,28133339,0.0397899,0.019549759
28/8/2023,14,52,4523754,28133346,0.030947748,0.018483404
29/8/2023,13,73,4523748,28133352,0.028737233,0.02594785
30/8/2023,16,91,4523735,28133365,0.035369004,0.032345935
31/8/2023,13,68,4523731,28133369,0.028737341,0.024170585
1/9/2023,15,52,4523719,28133381,0.033158558,0.018483381
2/9/2023,8,49,4523709,28133391,0.017684603,0.017417026
3/9/2023,19,58,4523706,28133394,0.042000961,0.020616069
4/9/2023,12,45,4523700,28133400,0.026526958,0.015995223
5/9/2023,11,107,4523689,28133411,0.024316437,0.03803307
6/9/2023,14,87,4523671,28133429,0.030948316,0.030924065
7/9/2023,10,101,4523638,28133462,0.022106101,0.03590031
8/9/2023,9,99,4523625,28133475,0.019895548,0.035189396
9/9/2023,23,85,4523620,28133480,0.050844235,0.030213113
10/9/2023,18,70,4523618,28133482,0.039791158,0.024881385
11/9/2023,25,46,4523613,28133487,0.055265559,0.016350622
12/9/2023,18,110,4523608,28133492,0.039791246,0.039099306
13/9/2023,21,104,4523601,28133499,0.046423192,0.036966607
14/9/2023,19,103,4523577,28133523,0.042002159,0.036611128
15/9/2023,14,89,4523559,28133541,0.030949082,0.031634838
16/9/2023,18,73,4523557,28133543,0.039791695,0.025947674
17/9/2023,16,70,4523554,28133546,0.035370419,0.024881329
18/9/2023,8,47,4523548,28133552,0.017685233,0.016706031
19/9/2023,21,74,4523542,28133558,0.046423798,0.026303107
20/9/2023,14,108,4523536,28133564,0.03094924,0.038388311
21/9/2023,14,115,4523529,28133571,0.030949288,0.040876432
22/9/2023,18,99,4523507,28133593,0.039792135,0.035189249
23/9/2023,7,80,4523499,28133601,0.015474746,0.028435748
24/9/2023,12,62,4523491,28133609,0.026528184,0.022037699
25/9/2023,7,55,4523489,28133611,0.015474781,0.01954957
26/9/2023,15,151,4523485,28133615,0.033160274,0.053672448
27/9/2023,17,138,4523480,28133620,0.037581685,0.049051633
28/9/2023,18,112,4523477,28133623,0.039792399,0.039810017
29/9/2023,7,92,4523464,28133636,0.015474866,0.03270107
30/9/2023,13,84,4523455,28133645,0.028739094,0.029857489
