Date,Deaths Unvax,Deaths Vax,Total Unvax,Total Vax,Deaths Unvax 10000,Deaths Vax 10000
24/2/2021,5,0,32657034,66,0.001531064,0
25/2/2021,6,0,32655884,1216,0.001837341,0
26/2/2021,3,0,32651775,5325,0.000918786,0
27/2/2021,10,0,32645054,12046,0.003063251,0
28/2/2021,5,0,32638335,18765,0.001531941,0
1/3/2021,4,0,32622938,34162,0.001226131,0
2/3/2021,9,0,32601268,55832,0.002760629,0
3/3/2021,4,0,32578582,78518,0.001227801,0
4/3/2021,3,0,32559073,98027,0.000921402,0
5/3/2021,8,0,32544701,112399,0.002458157,0
6/3/2021,4,0,32528855,128245,0.001229677,0
7/3/2021,5,0,32516252,140848,0.001537693,0
8/3/2021,6,0,32489055,168045,0.001846776,0
9/3/2021,8,0,32458987,198113,0.002464649,0
10/3/2021,7,0,32430215,226885,0.002158481,0
11/3/2021,4,0,32403701,253399,0.001234427,0
12/3/2021,3,0,32377579,279521,0.000926567,0
13/3/2021,3,0,32360518,296582,0.000927056,0
14/3/2021,4,0,32350207,306893,0.001236468,0
15/3/2021,4,0,32329815,327285,0.001237248,0
16/3/2021,3,0,32304340,352760,0.000928668,0
17/3/2021,2,0,32283543,373557,0.000619511,0
18/3/2021,1,0,32266228,390872,0.000309922,0
19/3/2021,1,0,32255486,401614,0.000310025,0
20/3/2021,5,0,32247785,409315,0.001550494,0
21/3/2021,5,0,32238070,419030,0.001550961,0
22/3/2021,2,0,32228352,428748,0.000620572,0
23/3/2021,2,0,32220049,437051,0.000620732,0
24/3/2021,4,0,32213758,443342,0.001241705,0
25/3/2021,2,0,32207322,449778,0.000620977,0
26/3/2021,1,0,32203383,453717,0.000310526,0
27/3/2021,8,0,32201680,455420,0.002484342,0
28/3/2021,3,1,32197996,459104,0.000931735,0.021781557
29/3/2021,4,0,32190131,466969,0.001242617,0
30/3/2021,6,0,32178601,478499,0.001864593,0
31/3/2021,9,0,32168653,488447,0.002797755,0
1/4/2021,3,0,32152742,504358,0.000933046,0
2/4/2021,2,0,32145171,511929,0.000622177,0
3/4/2021,5,0,32142495,514605,0.001555573,0
4/4/2021,6,0,32136464,520636,0.001867038,0
5/4/2021,4,0,32127259,529841,0.001245049,0
6/4/2021,3,0,32116229,540871,0.000934107,0
7/4/2021,2,0,32103504,553596,0.000622985,0
8/4/2021,6,0,32091409,565691,0.001869659,0
9/4/2021,7,0,32084181,572919,0.002181761,0
10/4/2021,3,0,32078507,578593,0.000935206,0
11/4/2021,6,0,32066030,591070,0.001871139,0
12/4/2021,11,0,32040658,616442,0.003433138,0
13/4/2021,5,0,32023846,633254,0.001561337,0
14/4/2021,5,0,32002902,654198,0.001562358,0
15/4/2021,4,0,31984799,672301,0.001250594,0
16/4/2021,6,0,31969173,687927,0.001876808,0
17/4/2021,11,0,31960596,696504,0.003441738,0
18/4/2021,8,0,31954433,702667,0.002503565,0
19/4/2021,10,0,31929760,727340,0.003131874,0
20/4/2021,10,0,31907675,749425,0.003134042,0
21/4/2021,9,0,31891832,765268,0.002822039,0
22/4/2021,6,0,31877435,779665,0.001882209,0
23/4/2021,15,0,31865213,791887,0.004707328,0
24/4/2021,8,0,31857222,799878,0.002511205,0
25/4/2021,21,0,31848107,808993,0.006593798,0
26/4/2021,14,0,31826734,830366,0.004398818,0
27/4/2021,11,0,31803908,853192,0.003458694,0
28/4/2021,14,0,31777434,879666,0.004405642,0
29/4/2021,22,0,31770962,886138,0.006924562,0
30/4/2021,21,0,31753163,903937,0.006613514,0
1/5/2021,16,0,31750231,906869,0.005039333,0
2/5/2021,20,0,31742571,914529,0.006300687,0
3/5/2021,21,2,31718028,939072,0.00662084,0.021297621
4/5/2021,14,0,31687885,969215,0.004418092,0
5/5/2021,30,1,31655740,1001360,0.009476954,0.009986418
6/5/2021,27,1,31618636,1038464,0.008539268,0.009629607
7/5/2021,31,0,31586266,1070834,0.009814392,0
8/5/2021,27,2,31567541,1089559,0.008553089,0.01835605
9/5/2021,21,0,31541605,1115495,0.006657873,0
10/5/2021,34,1,31504852,1152248,0.010791988,0.008678687
11/5/2021,44,0,31474295,1182805,0.013979662,0
12/5/2021,49,1,31463943,1193157,0.015573382,0.008381127
13/5/2021,36,2,31463830,1193270,0.011441709,0.016760666
14/5/2021,44,1,31463769,1193331,0.013984339,0.008379905
15/5/2021,46,2,31453368,1203732,0.014624825,0.016614994
16/5/2021,40,4,31443320,1213780,0.012721303,0.032954901
17/5/2021,48,3,31410792,1246308,0.015281372,0.024071096
18/5/2021,54,4,31364906,1292194,0.017216694,0.030955104
19/5/2021,50,3,31314632,1342468,0.015966977,0.022346901
20/5/2021,44,2,31255273,1401827,0.014077625,0.014267096
21/5/2021,60,1,31212974,1444126,0.019222776,0.006924604
22/5/2021,81,4,31169596,1487504,0.025986862,0.026890684
23/5/2021,65,4,31131521,1525579,0.02087916,0.026219553
24/5/2021,63,3,31061724,1595376,0.020282197,0.018804345
25/5/2021,71,3,30991791,1665309,0.022909292,0.018014675
26/5/2021,84,7,30971233,1685867,0.027121942,0.041521662
27/5/2021,57,6,30912280,1744820,0.018439274,0.034387501
28/5/2021,102,3,30865285,1791815,0.033046836,0.0167428
29/5/2021,74,1,30814123,1842977,0.024014962,0.005426004
30/5/2021,103,6,30775681,1881419,0.033467984,0.031890823
31/5/2021,90,7,30707982,1949118,0.029308341,0.03591368
1/6/2021,86,8,30632435,2024665,0.028074817,0.03951271
2/6/2021,85,2,30535308,2121792,0.027836628,0.009425995
3/6/2021,107,3,30423798,2233302,0.035169836,0.013433024
4/6/2021,80,3,30337286,2319814,0.02637019,0.012932071
5/6/2021,83,7,30265007,2392093,0.027424411,0.029263076
6/6/2021,75,4,30183765,2473335,0.024847795,0.016172496
7/6/2021,81,3,30122894,2534206,0.026889847,0.011838027
8/6/2021,71,2,30014294,2642806,0.023655396,0.007567714
9/6/2021,88,5,29897884,2759216,0.029433521,0.018121089
10/6/2021,61,7,29784015,2873085,0.020480785,0.024364055
11/6/2021,61,5,29687602,2969498,0.020547298,0.016837863
12/6/2021,79,4,29584129,3072971,0.026703507,0.013016719
13/6/2021,67,6,29479078,3178022,0.022727984,0.018879668
14/6/2021,86,5,29330998,3326102,0.029320516,0.015032612
15/6/2021,74,5,29163808,3493292,0.025373916,0.014313146
16/6/2021,76,5,28957403,3699697,0.026245447,0.01351462
17/6/2021,76,5,28772188,3884912,0.026414397,0.012870304
18/6/2021,73,8,28619012,4038088,0.025507519,0.019811356
19/6/2021,63,4,28483055,4174045,0.022118414,0.00958303
20/6/2021,64,11,28360506,4296594,0.022566593,0.025601674
21/6/2021,72,9,28169899,4487201,0.025559197,0.020057047
22/6/2021,78,10,27970613,4686487,0.027886411,0.021337945
23/6/2021,72,12,27785155,4871945,0.025913118,0.02463082
24/6/2021,70,11,27602080,5055020,0.025360408,0.021760547
25/6/2021,66,12,27447173,5209927,0.024046192,0.023032952
26/6/2021,75,13,27304391,5352709,0.027468109,0.024286768
27/6/2021,56,16,27192597,5464503,0.02059384,0.029279881
28/6/2021,79,12,27025998,5631102,0.029231113,0.021310216
29/6/2021,74,17,26867071,5790029,0.02754301,0.02936082
30/6/2021,88,22,26692974,5964126,0.032967477,0.036887215
1/7/2021,85,13,26509213,6147887,0.032064324,0.021145476
2/7/2021,94,13,26338965,6318135,0.03568857,0.020575692
3/7/2021,92,26,26194140,6462960,0.035122359,0.040229245
4/7/2021,94,20,26059038,6598062,0.036071938,0.030311931
5/7/2021,78,22,25852414,6804686,0.030171264,0.032330662
6/7/2021,84,29,25635476,7021624,0.032767092,0.041300987
7/7/2021,123,32,25416591,7240509,0.048393587,0.044195788
8/7/2021,118,40,25186503,7470597,0.04685049,0.053543244
9/7/2021,122,60,24965713,7691387,0.04886702,0.078009337
10/7/2021,111,38,24745906,7911194,0.044855905,0.048033205
11/7/2021,136,48,24551080,8106020,0.055394712,0.05921525
12/7/2021,128,48,24279089,8378011,0.052720265,0.057292835
13/7/2021,145,48,24010559,8646541,0.060390098,0.055513528
14/7/2021,126,53,23715203,8941897,0.053130475,0.059271539
15/7/2021,153,57,23397278,9259822,0.065392222,0.061556259
16/7/2021,153,61,23113322,9543778,0.066195591,0.063915988
17/7/2021,193,71,22848527,9808573,0.08446934,0.072385657
18/7/2021,169,67,22595857,10061243,0.074792472,0.06659217
19/7/2021,157,66,22306922,10350178,0.070381741,0.063767019
20/7/2021,196,82,22098286,10558814,0.088694662,0.077660237
21/7/2021,174,98,21809081,10848019,0.079783279,0.090339075
22/7/2021,166,100,21465578,11191522,0.077333114,0.089353352
23/7/2021,178,111,21150806,11506294,0.084157549,0.096468941
24/7/2021,191,108,20854714,11802386,0.091586008,0.091506921
25/7/2021,204,99,20562105,12094995,0.099211632,0.081852039
26/7/2021,179,90,20219132,12437968,0.088530012,0.072359086
27/7/2021,201,75,19852368,12804732,0.101247368,0.058572097
28/7/2021,207,114,19476699,13180401,0.106280844,0.086492057
29/7/2021,193,96,19113408,13543692,0.100976236,0.070881706
30/7/2021,217,111,18780124,13876976,0.115547693,0.079988608
31/7/2021,194,118,18443304,14213796,0.105187227,0.083017936
1/8/2021,211,115,18132606,14524494,0.116364962,0.079176596
2/8/2021,224,151,17895463,14761637,0.125171391,0.102292178
3/8/2021,206,134,17641272,15015828,0.116771625,0.089239168
4/8/2021,197,110,17398216,15258884,0.11323,0.072089151
5/8/2021,205,108,17162072,15495028,0.119449446,0.069699777
6/8/2021,220,138,16956512,15700588,0.129743664,0.087894797
7/8/2021,213,121,16751360,15905740,0.127153855,0.076073166
8/8/2021,213,107,16578951,16078149,0.128476162,0.066549949
9/8/2021,204,101,16375288,16281812,0.124577962,0.062032408
10/8/2021,250,158,16198060,16459040,0.15433947,0.095995878
11/8/2021,181,107,15952780,16704320,0.113459848,0.064055286
12/8/2021,164,130,15734113,16922987,0.104232123,0.07681859
13/8/2021,159,104,15547967,17109133,0.102264174,0.060786248
14/8/2021,164,112,15366214,17290886,0.106727656,0.064774009
15/8/2021,166,123,15207463,17449637,0.109156932,0.070488572
16/8/2021,177,114,15015992,17641108,0.11787433,0.064621791
17/8/2021,166,87,14816467,17840633,0.112037505,0.048765086
18/8/2021,166,112,14608824,18048276,0.113629954,0.062055789
19/8/2021,160,97,14411454,18245646,0.111022802,0.053163368
20/8/2021,142,91,14237884,18419216,0.099733921,0.049404926
21/8/2021,155,93,14062130,18594970,0.110225122,0.050013525
22/8/2021,189,114,13911514,18745586,0.135858685,0.060814317
23/8/2021,175,98,13748690,18908410,0.127284854,0.051828789
24/8/2021,112,75,13578127,19078973,0.082485604,0.039310292
25/8/2021,159,76,13401237,19255863,0.118645764,0.039468499
26/8/2021,160,110,13226216,19430884,0.120971864,0.056610909
27/8/2021,142,94,13065016,19592084,0.108687199,0.047978561
28/8/2021,146,92,12894435,19762665,0.11322714,0.046552426
29/8/2021,153,92,12731625,19925475,0.120173191,0.046172049
30/8/2021,191,82,12530871,20126229,0.152423563,0.040742854
31/8/2021,162,94,12398833,20258267,0.130657458,0.04640081
1/9/2021,164,104,12193988,20463112,0.134492506,0.050823159
2/9/2021,138,89,11992919,20664181,0.1150679,0.043069696
3/9/2021,135,82,11829694,20827406,0.114119604,0.039371202
4/9/2021,142,86,11673850,20983250,0.121639391,0.040985071
5/9/2021,132,117,11520770,21136330,0.114575675,0.055354927
6/9/2021,155,78,11374233,21282867,0.136272925,0.036649198
7/9/2021,152,76,11226980,21430120,0.135388145,0.035464104
8/9/2021,148,99,11085727,21571373,0.133505002,0.045894158
9/9/2021,112,100,10935957,21721143,0.102414448,0.046038093
10/9/2021,131,83,10809565,21847535,0.121188966,0.037990556
11/9/2021,124,89,10705295,21951805,0.115830531,0.040543363
12/9/2021,135,91,10614776,22042324,0.127181205,0.041284213
13/9/2021,115,66,10532014,22125086,0.109190892,0.029830393
14/9/2021,99,95,10447863,22209237,0.09475622,0.042774995
15/9/2021,123,88,10369386,22287714,0.118618402,0.039483637
16/9/2021,91,91,10299835,22357265,0.08835093,0.040702653
17/9/2021,87,103,10215080,22442020,0.085168202,0.045896047
18/9/2021,97,70,10131399,22525701,0.09574196,0.031075614
19/9/2021,88,71,10061600,22595500,0.087461239,0.031422186
20/9/2021,62,85,9957471,22699629,0.062264806,0.037445546
21/9/2021,87,65,9826089,22831011,0.088539805,0.028470049
22/9/2021,76,68,9694060,22963040,0.078398524,0.029612804
23/9/2021,92,56,9552566,23104534,0.096309201,0.024237667
24/9/2021,74,72,9427738,23229362,0.078491787,0.030995255
25/9/2021,87,72,9305181,23351919,0.093496301,0.030832584
26/9/2021,68,59,9182155,23474945,0.074056689,0.025133179
27/9/2021,67,62,9004862,23652238,0.07440425,0.026213164
28/9/2021,50,55,8828280,23828820,0.056636174,0.023081294
29/9/2021,57,67,8629580,24027520,0.066051882,0.027884692
30/9/2021,73,57,8454110,24202990,0.086348533,0.023550809
1/10/2021,52,46,8346653,24310447,0.062300421,0.018921906
2/10/2021,68,63,8252001,24405099,0.082404256,0.025814278
3/10/2021,46,58,8151833,24505267,0.056429026,0.023668381
4/10/2021,45,47,8020112,24636988,0.056108942,0.019077007
5/10/2021,41,56,7891830,24765270,0.051952462,0.022612312
6/10/2021,51,42,7773581,24883519,0.065606829,0.016878642
7/10/2021,49,45,7661290,24995810,0.063957897,0.018003017
8/10/2021,38,51,7583488,25073612,0.050108868,0.020340109
9/10/2021,40,34,7540888,25116212,0.053044151,0.013537073
10/10/2021,39,44,7506920,25150180,0.051952066,0.017494905
11/10/2021,31,50,7450829,25206271,0.041606109,0.019836334
12/10/2021,46,50,7391580,25265520,0.062232973,0.019789816
13/10/2021,38,42,7336776,25320324,0.051793867,0.016587465
14/10/2021,32,33,7292291,25364809,0.043881957,0.013010151
15/10/2021,31,45,7253081,25404019,0.042740457,0.017713733
16/10/2021,28,44,7235910,25421190,0.038695893,0.017308395
17/10/2021,35,37,7217611,25439489,0.0484925,0.014544317
18/10/2021,32,37,7183233,25473867,0.044548186,0.014524689
19/10/2021,42,42,7167033,25490067,0.058601656,0.016477007
20/10/2021,27,37,7134604,25522496,0.037843726,0.014497015
21/10/2021,27,33,7100247,25556853,0.038026846,0.012912388
22/10/2021,29,42,7070081,25587019,0.041017918,0.016414573
23/10/2021,26,37,7057498,25599602,0.036840251,0.01445335
24/10/2021,26,32,7045130,25611970,0.036904926,0.012494158
25/10/2021,30,40,7019715,25637385,0.042736778,0.015602215
26/10/2021,20,35,6993378,25663722,0.028598483,0.013637928
27/10/2021,29,37,6972332,25684768,0.041592971,0.014405425
28/10/2021,22,33,6951185,25705915,0.03164928,0.012837512
29/10/2021,28,31,6934862,25722238,0.040375713,0.012051828
30/10/2021,22,36,6927104,25729996,0.031759304,0.013991452
31/10/2021,19,18,6920141,25736959,0.027456088,0.006993833
1/11/2021,14,43,6909862,25747238,0.020260897,0.01670082
2/11/2021,21,27,6899398,25757702,0.030437438,0.010482302
3/11/2021,19,36,6890250,25766850,0.027575197,0.01397144
4/11/2021,15,36,6886884,25770216,0.021780532,0.013969615
5/11/2021,20,38,6880806,25776294,0.029066362,0.014742228
6/11/2021,21,21,6875555,25781545,0.030542989,0.008145361
7/11/2021,24,35,6871607,25785493,0.034926328,0.013573524
8/11/2021,26,27,6864605,25792495,0.037875449,0.010468161
9/11/2021,22,30,6855807,25801293,0.032089585,0.011627324
10/11/2021,20,20,6847140,25809960,0.029209276,0.007748947
11/11/2021,20,29,6837488,25819612,0.029250508,0.011231772
12/11/2021,17,31,6829426,25827674,0.024892282,0.012002629
13/11/2021,15,29,6825306,25831794,0.021977037,0.011226475
14/11/2021,14,24,6821295,25835805,0.020523962,0.009289434
15/11/2021,16,28,6814503,25842597,0.023479335,0.010834824
16/11/2021,11,35,6807041,25850059,0.016159738,0.013539621
17/11/2021,21,40,6800298,25856802,0.030881,0.015469817
18/11/2021,13,22,6792523,25864577,0.019138691,0.008505842
19/11/2021,24,21,6785139,25871961,0.03537142,0.008116895
20/11/2021,17,21,6781760,25875340,0.025067239,0.008115835
21/11/2021,17,29,6778932,25878168,0.025077697,0.011206357
22/11/2021,17,24,6773621,25883479,0.025097359,0.009272324
23/11/2021,18,31,6768038,25889062,0.026595595,0.011974169
24/11/2021,13,30,6762545,25894555,0.019223532,0.011585447
25/11/2021,21,29,6756379,25900721,0.031081738,0.0111966
26/11/2021,12,31,6751228,25905872,0.017774544,0.011966399
27/11/2021,19,27,6748564,25908536,0.028154138,0.010421276
28/11/2021,11,27,6746150,25910950,0.016305597,0.010420305
29/11/2021,16,25,6741325,25915775,0.023734207,0.009646634
30/11/2021,10,24,6735916,25921184,0.014845791,0.009258836
1/12/2021,10,21,6730207,25926893,0.014858384,0.008099698
2/12/2021,12,32,6724417,25932683,0.017845413,0.012339641
3/12/2021,16,30,6719713,25937387,0.023810541,0.011566315
4/12/2021,16,26,6715976,25941124,0.02382379,0.010022696
5/12/2021,15,23,6713794,25943306,0.022342062,0.008865485
6/12/2021,13,29,6708296,25948804,0.01937899,0.011175852
7/12/2021,13,23,6703146,25953954,0.019393879,0.008861848
8/12/2021,14,23,6697929,25959171,0.020901983,0.008860067
9/12/2021,9,20,6692448,25964652,0.013447994,0.00770278
10/12/2021,13,17,6688172,25968928,0.019437299,0.006546285
11/12/2021,8,17,6686595,25970505,0.011964236,0.006545887
12/12/2021,9,20,6684938,25972162,0.013463102,0.007700553
13/12/2021,15,16,6680613,25976487,0.022453029,0.006159416
14/12/2021,12,21,6676176,25980924,0.017974361,0.008082853
15/12/2021,9,19,6671540,25985560,0.013490139,0.007311753
16/12/2021,13,14,6666814,25990286,0.019499569,0.005386628
17/12/2021,11,33,6663492,25993608,0.016507861,0.012695429
18/12/2021,14,23,6662106,25994994,0.021014376,0.008847857
19/12/2021,13,21,6660464,25996636,0.01951816,0.008077968
20/12/2021,15,26,6656855,26000245,0.022533163,0.009999906
21/12/2021,7,22,6653368,26003732,0.010520987,0.008460324
22/12/2021,7,12,6649775,26007325,0.010526672,0.004614085
23/12/2021,12,18,6645958,26011142,0.018056088,0.006920111
24/12/2021,8,18,6643538,26013562,0.012041777,0.006919468
25/12/2021,6,17,6642918,26014182,0.009032175,0.006534897
26/12/2021,6,11,6641979,26015121,0.009033452,0.00422831
27/12/2021,13,15,6638431,26018669,0.019582941,0.005765091
28/12/2021,14,17,6634731,26022369,0.021101082,0.006532841
29/12/2021,16,12,6631057,26026043,0.024128883,0.004610766
30/12/2021,15,12,6627390,26029710,0.022633344,0.004610117
31/12/2021,9,8,6624312,26032788,0.013586317,0.003073048
1/1/2022,12,14,6623700,26033400,0.018116763,0.005377707
2/1/2022,5,13,6622204,26034896,0.007550356,0.004993298
3/1/2022,5,15,6619162,26037938,0.007553826,0.005760825
4/1/2022,8,8,6615946,26041154,0.012091997,0.00307206
5/1/2022,10,17,6612829,26044271,0.015122121,0.006527347
6/1/2022,7,9,6609566,26047534,0.01059071,0.003455222
7/1/2022,6,7,6606573,26050527,0.009081864,0.002687086
8/1/2022,3,15,6605192,26051908,0.004541882,0.005757736
9/1/2022,6,11,6603953,26053147,0.009085467,0.004222139
10/1/2022,5,7,6601536,26055564,0.007573995,0.002686566
11/1/2022,5,4,6599225,26057875,0.007576647,0.001535045
12/1/2022,5,14,6596937,26060163,0.007579275,0.005372184
13/1/2022,11,10,6594574,26062526,0.01668038,0.003836927
14/1/2022,4,7,6592666,26064434,0.006067348,0.002685652
15/1/2022,7,9,6591404,26065696,0.010619892,0.003452814
16/1/2022,8,6,6590460,26066640,0.012138758,0.002301793
17/1/2022,5,8,6588303,26068797,0.007589208,0.003068803
18/1/2022,3,9,6587163,26069937,0.004554313,0.003452252
19/1/2022,3,8,6584720,26072380,0.004556002,0.003068381
20/1/2022,5,11,6582747,26074353,0.007595613,0.004218705
21/1/2022,3,7,6581094,26076006,0.004558513,0.00268446
22/1/2022,4,4,6579963,26077137,0.006079062,0.001533911
23/1/2022,3,11,6579038,26078062,0.004559937,0.004218105
24/1/2022,5,7,6576877,26080223,0.007602392,0.002684026
25/1/2022,2,3,6574589,26082511,0.003042015,0.001150196
26/1/2022,5,7,6572744,26084356,0.007607173,0.002683601
27/1/2022,5,6,6570832,26086268,0.007609386,0.002300061
28/1/2022,8,5,6568978,26088122,0.012178455,0.001916581
29/1/2022,4,5,6568165,26088935,0.006089981,0.001916521
30/1/2022,3,5,6567582,26089518,0.004567891,0.001916478
31/1/2022,2,6,6566517,26090583,0.003045755,0.00229968
1/2/2022,4,8,6566259,26090841,0.006091749,0.00306621
2/2/2022,3,9,6565902,26091198,0.00456906,0.003449439
3/2/2022,5,2,6563226,26093874,0.007618205,0.000766463
4/2/2022,6,7,6560396,26096704,0.009145789,0.002682331
5/2/2022,2,9,6544277,26112823,0.003056105,0.003446583
6/2/2022,6,13,6527625,26129475,0.009191704,0.004975224
7/2/2022,4,12,6517751,26139349,0.006137086,0.00459078
8/2/2022,8,12,6506390,26150710,0.012295605,0.004588786
9/2/2022,6,10,6491521,26165579,0.009242826,0.003821815
10/2/2022,9,15,6472390,26184710,0.013905219,0.005728534
11/2/2022,12,15,6450757,26206343,0.018602468,0.005723805
12/2/2022,8,21,6410192,26246908,0.012480125,0.008000942
13/2/2022,9,27,6374055,26283045,0.01411974,0.010272782
14/2/2022,14,23,6334067,26323033,0.022102703,0.008737595
15/2/2022,16,19,6290377,26366723,0.025435677,0.007206053
16/2/2022,13,30,6243759,26413341,0.020820791,0.011357897
17/2/2022,12,31,6188387,26468713,0.01939116,0.011711941
18/2/2022,21,34,6143377,26513723,0.034183154,0.012823548
19/2/2022,20,25,6069067,26588033,0.032953994,0.009402726
20/2/2022,14,34,6006888,26650212,0.023306577,0.012757872
21/2/2022,12,32,5952872,26704228,0.020158337,0.011983121
22/2/2022,14,42,5899407,26757693,0.023731199,0.01569642
23/2/2022,23,32,5849791,26807309,0.039317644,0.011937043
24/2/2022,18,43,5800644,26856456,0.031031037,0.016011048
25/2/2022,15,37,5754780,26902320,0.026065288,0.013753461
26/2/2022,27,37,5698269,26958831,0.04738281,0.013724631
27/2/2022,14,51,5655229,27001871,0.02475585,0.01888758
28/2/2022,18,44,5619871,27037229,0.032029205,0.016273857
1/3/2022,19,59,5592572,27064528,0.033973635,0.021799752
2/3/2022,27,51,5564778,27092322,0.048519456,0.018824522
3/3/2022,29,51,5540308,27116792,0.05234366,0.018807534
4/3/2022,23,55,5516514,27140586,0.041692997,0.020264854
5/3/2022,21,58,5485362,27171738,0.038283709,0.021345709
6/3/2022,22,55,5460204,27196896,0.040291535,0.020222896
7/3/2022,26,52,5443577,27213523,0.047762712,0.019108147
8/3/2022,23,52,5423328,27233772,0.042409384,0.01909394
9/3/2022,35,55,5404073,27253027,0.064765964,0.020181244
10/3/2022,21,65,5383381,27273719,0.039008943,0.023832467
11/3/2022,22,53,5358776,27298324,0.041054151,0.019415111
12/3/2022,33,80,5332065,27325035,0.061889718,0.029277181
13/3/2022,28,64,5308038,27349062,0.052750188,0.023401168
14/3/2022,32,57,5292859,27364241,0.060458818,0.020830105
15/3/2022,19,57,5274188,27382912,0.036024503,0.020815902
16/3/2022,22,57,5260207,27396893,0.041823449,0.020805279
17/3/2022,30,41,5245786,27411314,0.057188761,0.014957327
18/3/2022,20,45,5226249,27430851,0.038268364,0.016404887
19/3/2022,17,47,5209543,27447557,0.032632421,0.017123564
20/3/2022,24,43,5198530,27458570,0.046166897,0.015659956
21/3/2022,18,36,5193302,27463798,0.034660029,0.013108165
22/3/2022,20,46,5186517,27470583,0.038561524,0.016745185
23/3/2022,16,36,5179940,27477160,0.030888389,0.013101791
24/3/2022,22,31,5172772,27484328,0.042530388,0.011279155
25/3/2022,12,30,5159560,27497540,0.023257797,0.010910067
26/3/2022,14,32,5145674,27511426,0.02720732,0.011631531
27/3/2022,20,30,5138845,27518255,0.038919251,0.010901854
28/3/2022,11,39,5133873,27523227,0.021426319,0.01416985
29/3/2022,14,19,5127421,27529679,0.027304175,0.006901642
30/3/2022,7,28,5121491,27535609,0.013667895,0.010168651
31/3/2022,11,30,5113638,27543462,0.021511104,0.010891877
1/4/2022,16,25,5102464,27554636,0.031357399,0.009072883
2/4/2022,7,17,5092841,27564259,0.013744784,0.006167407
3/4/2022,13,17,5089977,27567123,0.02554039,0.006166766
4/4/2022,18,13,5086626,27570474,0.035386915,0.004715189
5/4/2022,8,18,5083186,27573914,0.015738161,0.006527909
6/4/2022,9,14,5079274,27577826,0.017719068,0.005076542
7/4/2022,1,18,5074724,27582376,0.001970551,0.006525906
8/4/2022,4,9,5067343,27589757,0.007893683,0.00326208
9/4/2022,8,10,5059794,27597306,0.01581092,0.003623542
10/4/2022,5,11,5055452,27601648,0.009890312,0.003985269
11/4/2022,9,13,5050567,27606533,0.017819781,0.00470903
12/4/2022,5,12,5045512,27611588,0.009909797,0.004346001
13/4/2022,1,13,5039393,27617707,0.001984366,0.004707125
14/4/2022,8,9,5030137,27626963,0.015904139,0.003257687
15/4/2022,5,13,5017970,27639130,0.009964189,0.004703477
16/4/2022,4,7,5002228,27654872,0.007996437,0.0025312
17/4/2022,4,3,4990244,27666856,0.00801564,0.00108433
18/4/2022,3,10,4980373,27676727,0.006023645,0.003613144
19/4/2022,3,4,4972185,27684915,0.006033565,0.00144483
20/4/2022,3,6,4960047,27697053,0.00604833,0.002166295
21/4/2022,3,8,4944948,27712152,0.006066798,0.00288682
22/4/2022,3,6,4927423,27729677,0.006088375,0.002163747
23/4/2022,4,4,4908755,27748345,0.008148706,0.001441527
24/4/2022,4,4,4896112,27760988,0.008169748,0.001440871
25/4/2022,2,3,4887683,27769417,0.004091918,0.001080325
26/4/2022,4,4,4879899,27777201,0.008196891,0.00144003
27/4/2022,3,5,4871024,27786076,0.006158869,0.001799462
28/4/2022,4,5,4862188,27794912,0.008226749,0.00179889
29/4/2022,0,4,4850648,27806452,0,0.001438515
30/4/2022,1,3,4842866,27814234,0.002064893,0.001078584
1/5/2022,2,6,4840495,27816605,0.004131809,0.002156985
2/5/2022,2,1,4839697,27817403,0.00413249,0.000359487
3/5/2022,1,2,4839060,27818040,0.002066517,0.000718958
4/5/2022,3,3,4838342,27818758,0.006200471,0.001078409
5/5/2022,0,4,4836016,27821084,0,0.001437758
6/5/2022,1,0,4831448,27825652,0.002069773,0
7/5/2022,2,1,4826281,27830819,0.004143978,0.000359314
8/5/2022,2,2,4818103,27838997,0.004151011,0.000718417
9/5/2022,2,4,4809265,27847835,0.00415864,0.001436377
10/5/2022,2,3,4798918,27858182,0.004167606,0.001076883
11/5/2022,1,5,4785782,27871318,0.002089523,0.001793959
12/5/2022,4,2,4767720,27889380,0.008389754,0.000717119
13/5/2022,1,3,4744620,27912480,0.00210765,0.001074788
14/5/2022,2,1,4726634,27930466,0.004231341,0.000358032
15/5/2022,1,4,4716446,27940654,0.002120241,0.001431606
16/5/2022,0,4,4713655,27943445,0,0.001431463
17/5/2022,0,1,4709861,27947239,0,0.000357817
18/5/2022,0,6,4706214,27950886,0,0.002146622
19/5/2022,0,4,4701340,27955760,0,0.001430832
20/5/2022,0,3,4693208,27963892,0,0.001072812
21/5/2022,0,0,4684827,27972273,0,0
22/5/2022,0,2,4678403,27978697,0,0.00071483
23/5/2022,0,4,4674483,27982617,0,0.001429459
24/5/2022,2,3,4670258,27986842,0.004282419,0.001071932
25/5/2022,0,2,4665876,27991224,0,0.00071451
26/5/2022,2,2,4659282,27997818,0.004292507,0.000714341
27/5/2022,0,4,4649992,28007108,0,0.001428209
28/5/2022,2,1,4641198,28015902,0.004309232,0.00035694
29/5/2022,1,3,4634007,28023093,0.00215796,0.001070546
30/5/2022,3,2,4628031,28029069,0.006482238,0.000713545
31/5/2022,0,2,4619983,28037117,0,0.00071334
1/6/2022,1,7,4619082,28038018,0.002164932,0.00249661
2/6/2022,1,4,4618108,28038992,0.002165389,0.001426585
3/6/2022,1,3,4615801,28041299,0.002166471,0.001069851
4/6/2022,1,3,4613625,28043475,0.002167493,0.001069768
5/6/2022,0,0,4612020,28045080,0,0
6/6/2022,0,3,4611655,28045445,0,0.001069692
7/6/2022,0,2,4610961,28046139,0,0.000713111
8/6/2022,1,4,4610241,28046859,0.002169084,0.001426185
9/6/2022,1,0,4609390,28047710,0.002169484,0
10/6/2022,0,3,4608148,28048952,0,0.001069559
11/6/2022,2,2,4607280,28049820,0.004340956,0.000713017
12/6/2022,0,0,4606188,28050912,0,0
13/6/2022,1,5,4605737,28051363,0.002171205,0.001782445
14/6/2022,0,3,4604931,28052169,0,0.001069436
15/6/2022,1,0,4603594,28053506,0.002172216,0
16/6/2022,0,2,4602910,28054190,0,0.000712906
17/6/2022,0,0,4601955,28055145,0,0
18/6/2022,0,0,4600719,28056381,0,0
19/6/2022,2,3,4599788,28057312,0.004348026,0.00106924
20/6/2022,0,2,4599182,28057918,0,0.000712811
21/6/2022,1,2,4598429,28058671,0.002174656,0.000712792
22/6/2022,0,1,4597161,28059939,0,0.00035638
23/6/2022,0,1,4594730,28062370,0,0.000356349
24/6/2022,2,2,4591748,28065352,0.00435564,0.000712622
25/6/2022,1,3,4590464,28066636,0.002178429,0.001068885
26/6/2022,3,2,4589587,28067513,0.006536536,0.000712568
27/6/2022,1,4,4589261,28067839,0.002179,0.001425119
28/6/2022,0,3,4589003,28068097,0,0.001068829
29/6/2022,0,3,4588656,28068444,0,0.001068816
30/6/2022,1,2,4587906,28069194,0.002179644,0.000712525
1/7/2022,2,6,4586832,28070268,0.004360308,0.002137493
2/7/2022,2,2,4585790,28071310,0.004361299,0.000712471
3/7/2022,1,4,4585309,28071791,0.002180878,0.001424918
4/7/2022,0,4,4584901,28072199,0,0.001424897
5/7/2022,1,5,4584245,28072855,0.002181384,0.00178108
6/7/2022,1,6,4583904,28073196,0.002181547,0.00213727
7/7/2022,1,5,4583268,28073832,0.002181849,0.001781018
8/7/2022,1,4,4582597,28074503,0.002182169,0.00142478
9/7/2022,2,5,4582182,28074918,0.004364733,0.001780949
10/7/2022,2,7,4581699,28075401,0.004365193,0.002493286
11/7/2022,0,7,4581600,28075500,0,0.002493277
12/7/2022,1,10,4581383,28075717,0.002182747,0.003561797
13/7/2022,2,6,4581082,28076018,0.004365781,0.002137055
14/7/2022,0,5,4580295,28076805,0,0.001780829
15/7/2022,2,6,4579635,28077465,0.00436716,0.002136945
16/7/2022,2,3,4579019,28078081,0.004367748,0.001068449
17/7/2022,2,10,4578555,28078545,0.00436819,0.003561438
18/7/2022,2,7,4578212,28078888,0.004368518,0.002492976
19/7/2022,3,6,4577855,28079245,0.006553288,0.00213681
20/7/2022,3,7,4577355,28079745,0.006554003,0.0024929
21/7/2022,1,9,4576902,28080198,0.002184884,0.003205106
22/7/2022,1,5,4576240,28080860,0.0021852,0.001780572
23/7/2022,2,7,4575191,28081909,0.004371402,0.002492708
24/7/2022,1,4,4574452,28082648,0.002186054,0.001424367
25/7/2022,4,7,4574164,28082936,0.008744767,0.002492617
26/7/2022,4,5,4573784,28083316,0.008745494,0.001780417
27/7/2022,2,2,4573320,28083780,0.004373191,0.000712155
28/7/2022,1,5,4572905,28084195,0.002186794,0.001780361
29/7/2022,1,8,4572176,28084924,0.002187142,0.002848503
30/7/2022,2,9,4571763,28085337,0.00437468,0.003204519
31/7/2022,1,7,4570883,28086217,0.002187761,0.002492326
1/8/2022,5,6,4570674,28086426,0.010939306,0.002136263
2/8/2022,2,3,4570282,28086818,0.004376098,0.001068117
3/8/2022,1,6,4569739,28087361,0.002188309,0.002136192
4/8/2022,3,5,4569296,28087804,0.006565563,0.001780132
5/8/2022,3,11,4568760,28088340,0.006566333,0.003916216
6/8/2022,2,8,4567779,28089321,0.004378496,0.002848057
7/8/2022,2,5,4567510,28089590,0.004378753,0.001780019
8/8/2022,1,8,4567255,28089845,0.002189499,0.002848004
9/8/2022,3,6,4566919,28090181,0.00656898,0.002135978
10/8/2022,1,3,4566304,28090796,0.002189955,0.001067965
11/8/2022,3,6,4565784,28091316,0.006570613,0.002135891
12/8/2022,3,8,4565167,28091933,0.006571501,0.002847793
13/8/2022,4,10,4564390,28092710,0.008763493,0.003559642
14/8/2022,2,8,4564143,28092957,0.004381984,0.002847689
15/8/2022,1,3,4563923,28093177,0.002191097,0.001067875
16/8/2022,2,5,4563718,28093382,0.004382392,0.001779779
17/8/2022,2,3,4563401,28093699,0.004382696,0.001067855
18/8/2022,4,6,4562996,28094104,0.00876617,0.002135679
19/8/2022,2,9,4562400,28094700,0.004383658,0.003203451
20/8/2022,4,8,4562005,28095095,0.008768075,0.002847472
21/8/2022,3,4,4561759,28095341,0.006576411,0.001423724
22/8/2022,2,2,4561472,28095628,0.00438455,0.000711855
23/8/2022,2,3,4561223,28095877,0.004384789,0.001067772
24/8/2022,1,3,4560957,28096143,0.002192522,0.001067762
25/8/2022,0,1,4560471,28096629,0,0.000355915
26/8/2022,0,2,4559940,28097160,0,0.000711816
27/8/2022,2,5,4559591,28097509,0.004386358,0.001779517
28/8/2022,1,4,4559382,28097718,0.00219328,0.001423603
29/8/2022,3,7,4559158,28097942,0.006580162,0.002491286
30/8/2022,1,7,4559007,28098093,0.00219346,0.002491272
31/8/2022,2,4,4558933,28098167,0.004386991,0.00142358
1/9/2022,3,4,4558643,28098457,0.006580906,0.001423566
2/9/2022,2,2,4558128,28098972,0.004387766,0.00071177
3/9/2022,0,4,4557851,28099249,0,0.001423526
4/9/2022,4,2,4557665,28099435,0.008776424,0.000711758
5/9/2022,1,2,4557347,28099753,0.002194259,0.00071175
6/9/2022,1,6,4556806,28100294,0.00219452,0.002135209
7/9/2022,3,5,4556178,28100922,0.006584466,0.001779301
8/9/2022,1,0,4555749,28101351,0.002195029,0
9/9/2022,4,1,4555266,28101834,0.008781046,0.000355849
10/9/2022,0,1,4554945,28102155,0,0.000355845
11/9/2022,5,4,4554814,28102286,0.010977397,0.001423372
12/9/2022,1,2,4554709,28102391,0.00219553,0.000711683
13/9/2022,3,5,4554548,28102552,0.006586823,0.001779198
14/9/2022,0,5,4554232,28102868,0,0.001779178
15/9/2022,1,0,4553902,28103198,0.002195919,0
16/9/2022,0,6,4553724,28103376,0,0.002134975
17/9/2022,4,3,4553495,28103605,0.008784461,0.001067479
18/9/2022,2,4,4553383,28103717,0.004392339,0.001423299
19/9/2022,1,5,4553271,28103829,0.002196223,0.001779117
20/9/2022,2,2,4553105,28103995,0.004392607,0.000711643
21/9/2022,4,2,4552983,28104117,0.008785449,0.00071164
22/9/2022,0,1,4552705,28104395,0,0.000355816
23/9/2022,2,4,4552300,28104800,0.004393384,0.001423244
24/9/2022,1,5,4552081,28105019,0.002196797,0.001779042
25/9/2022,0,1,4551930,28105170,0,0.000355806
26/9/2022,3,1,4551836,28105264,0.006590747,0.000355805
27/9/2022,1,2,4551686,28105414,0.002196988,0.000711607
28/9/2022,1,2,4551295,28105805,0.002197177,0.000711597
29/9/2022,1,1,4551051,28106049,0.002197295,0.000355795
30/9/2022,2,0,4550718,28106382,0.004394911,0
1/10/2022,2,2,4550380,28106720,0.004395237,0.000711574
2/10/2022,2,2,4550252,28106848,0.004395361,0.00071157
3/10/2022,1,1,4550093,28107007,0.002197757,0.000355783
4/10/2022,1,1,4549949,28107151,0.002197827,0.000355781
5/10/2022,2,2,4549829,28107271,0.00439577,0.00071156
6/10/2022,1,2,4549658,28107442,0.002197967,0.000711555
7/10/2022,2,3,4549431,28107669,0.004396154,0.001067324
8/10/2022,1,3,4549185,28107915,0.002198196,0.001067315
9/10/2022,0,2,4549112,28107988,0,0.000711542
10/10/2022,0,4,4549052,28108048,0,0.00142308
11/10/2022,0,2,4548974,28108126,0,0.000711538
12/10/2022,1,0,4548870,28108230,0.002198348,0
13/10/2022,0,4,4548692,28108408,0,0.001423062
14/10/2022,0,2,4548431,28108669,0,0.000711524
15/10/2022,4,3,4548194,28108906,0.0087947,0.001067277
16/10/2022,2,2,4548118,28108982,0.004397423,0.000711516
17/10/2022,1,1,4548028,28109072,0.002198755,0.000355757
18/10/2022,1,2,4547862,28109238,0.002198835,0.00071151
19/10/2022,1,4,4547784,28109316,0.002198873,0.001423016
20/10/2022,1,1,4547618,28109482,0.002198953,0.000355752
21/10/2022,2,5,4547357,28109743,0.004398159,0.001778743
22/10/2022,0,1,4547181,28109919,0,0.000355746
23/10/2022,1,5,4547049,28110051,0.002199229,0.001778723
24/10/2022,0,2,4547006,28110094,0,0.000711488
25/10/2022,0,1,4546946,28110154,0,0.000355743
26/10/2022,0,3,4546831,28110269,0,0.001067226
27/10/2022,0,2,4546639,28110461,0,0.000711479
28/10/2022,1,5,4546431,28110669,0.002199527,0.001778684
29/10/2022,0,5,4546203,28110897,0,0.00177867
30/10/2022,3,4,4546102,28110998,0.00659906,0.001422931
31/10/2022,0,3,4546011,28111089,0,0.001067195
1/11/2022,1,5,4545949,28111151,0.002199761,0.001778654
2/11/2022,2,2,4545851,28111249,0.004399616,0.000711459
3/11/2022,3,7,4545622,28111478,0.006599757,0.002490086
4/11/2022,0,2,4545368,28111732,0,0.000711447
5/11/2022,1,6,4545131,28111969,0.002200157,0.002134322
6/11/2022,2,5,4545019,28112081,0.004400422,0.001778595
7/11/2022,2,9,4544962,28112138,0.004400477,0.003201464
8/11/2022,0,5,4544892,28112208,0,0.001778587
9/11/2022,2,2,4544776,28112324,0.004400657,0.000711432
10/11/2022,2,6,4544635,28112465,0.004400793,0.002134285
11/11/2022,3,5,4544240,28112860,0.006601764,0.001778545
12/11/2022,3,6,4543944,28113156,0.006602194,0.002134232
13/11/2022,1,8,4543811,28113289,0.002200796,0.002845629
14/11/2022,1,4,4543735,28113365,0.002200833,0.001422811
15/11/2022,2,8,4543603,28113497,0.004401793,0.002845608
16/11/2022,1,4,4543457,28113643,0.002200967,0.001422797
17/11/2022,0,6,4543296,28113804,0,0.002134183
18/11/2022,3,13,4543084,28114016,0.006603444,0.004624028
19/11/2022,3,5,4543038,28114062,0.006603511,0.001778469
20/11/2022,3,5,4542946,28114154,0.006603644,0.001778464
21/11/2022,2,7,4542880,28114220,0.004402494,0.002489843
22/11/2022,1,6,4542779,28114321,0.002201296,0.002134144
23/11/2022,1,7,4542710,28114390,0.002201329,0.002489828
24/11/2022,3,3,4542487,28114613,0.006604312,0.001067061
25/11/2022,4,6,4542162,28114938,0.008806379,0.002134097
26/11/2022,1,8,4541894,28115206,0.002201725,0.002845435
27/11/2022,3,6,4541762,28115338,0.006605366,0.002134066
28/11/2022,2,7,4541717,28115383,0.004403621,0.00248974
29/11/2022,2,7,4541569,28115531,0.004403764,0.002489727
30/11/2022,3,7,4541440,28115660,0.006605834,0.002489716
1/12/2022,2,4,4541254,28115846,0.00440407,0.001422685
2/12/2022,2,3,4541020,28116080,0.004404297,0.001067005
3/12/2022,1,6,4540839,28116261,0.002202236,0.002133996
4/12/2022,3,1,4540749,28116351,0.00660684,0.000355665
5/12/2022,1,4,4540698,28116402,0.002202305,0.001422657
6/12/2022,1,4,4540626,28116474,0.00220234,0.001422653
7/12/2022,0,1,4540540,28116560,0,0.000355662
8/12/2022,2,9,4540402,28116698,0.004404896,0.003200945
9/12/2022,3,4,4540091,28117009,0.006607797,0.001422626
10/12/2022,4,6,4539873,28117227,0.008810819,0.002133923
11/12/2022,1,4,4539785,28117315,0.002202747,0.001422611
12/12/2022,2,2,4539741,28117359,0.004405538,0.000711304
13/12/2022,3,6,4539675,28117425,0.006608403,0.002133908
14/12/2022,4,2,4539599,28117501,0.008811351,0.000711301
15/12/2022,1,4,4539334,28117766,0.002202966,0.001422588
16/12/2022,0,2,4539097,28118003,0,0.000711288
17/12/2022,2,6,4538915,28118185,0.004406339,0.00213385
18/12/2022,0,2,4538842,28118258,0,0.000711282
19/12/2022,3,3,4538770,28118330,0.00660972,0.00106692
20/12/2022,0,6,4538677,28118423,0,0.002133832
21/12/2022,1,3,4538588,28118512,0.002203328,0.001066913
22/12/2022,2,1,4538472,28118628,0.00440677,0.000355636
23/12/2022,0,2,4538268,28118832,0,0.000711267
24/12/2022,1,2,4538153,28118947,0.00220354,0.000711264
25/12/2022,2,5,4538125,28118975,0.004407106,0.001778159
26/12/2022,2,1,4538071,28119029,0.004407159,0.000355631
27/12/2022,1,3,4537974,28119126,0.002203627,0.001066889
28/12/2022,0,2,4537893,28119207,0,0.000711258
29/12/2022,2,3,4537740,28119360,0.00440748,0.001066881
30/12/2022,0,2,4537488,28119612,0,0.000711247
31/12/2022,1,0,4537293,28119807,0.002203957,0
1/1/2023,0,3,4537253,28119847,0,0.001066862
2/1/2023,1,1,4537198,28119902,0.002204003,0.00035562
3/1/2023,0,1,4537137,28119963,0,0.000355619
4/1/2023,2,2,4537045,28120055,0.004408156,0.000711236
5/1/2023,1,1,4536915,28120185,0.002204141,0.000355616
6/1/2023,0,1,4536597,28120503,0,0.000355612
7/1/2023,0,4,4536276,28120824,0,0.001422433
8/1/2023,0,3,4536124,28120976,0,0.001066819
9/1/2023,0,1,4536012,28121088,0,0.000355605
10/1/2023,0,5,4535916,28121184,0,0.001778019
11/1/2023,1,0,4535820,28121280,0.002204673,0
12/1/2023,0,2,4535642,28121458,0,0.000711201
13/1/2023,0,1,4535290,28121810,0,0.000355596
14/1/2023,2,2,4535043,28122057,0.004410102,0.000711186
15/1/2023,1,0,4534914,28122186,0.002205113,0
16/1/2023,3,0,4534839,28122261,0.00661545,0
17/1/2023,1,1,4534758,28122342,0.002205189,0.000355589
18/1/2023,1,1,4534648,28122452,0.002205243,0.000355588
19/1/2023,1,0,4534507,28122593,0.002205311,0
20/1/2023,0,0,4534281,28122819,0,0
21/1/2023,0,0,4534172,28122928,0,0
22/1/2023,1,1,4534151,28122949,0.002205485,0.000355581
23/1/2023,0,1,4534127,28122973,0,0.000355581
24/1/2023,0,2,4534092,28123008,0,0.000711161
25/1/2023,0,2,4533795,28123305,0,0.000711154
26/1/2023,0,1,4533568,28123532,0,0.000355574
27/1/2023,1,0,4533399,28123701,0.00220585,0
28/1/2023,0,1,4533305,28123795,0,0.000355571
29/1/2023,0,0,4533235,28123865,0,0
30/1/2023,0,0,4533168,28123932,0,0
31/1/2023,0,0,4533113,28123987,0,0
1/2/2023,0,1,4533049,28124051,0,0.000355568
2/2/2023,0,0,4532976,28124124,0,0
3/2/2023,0,0,4532685,28124415,0,0
4/2/2023,1,2,4532529,28124571,0.002206274,0.000711122
5/2/2023,0,0,4532440,28124660,0,0
6/2/2023,0,0,4532381,28124719,0,0
7/2/2023,0,2,4532262,28124838,0,0.000711115
8/2/2023,1,0,4532184,28124916,0.002206442,0
9/2/2023,0,2,4532096,28125004,0,0.000711111
10/2/2023,0,0,4531922,28125178,0,0
11/2/2023,0,1,4531805,28125295,0,0.000355552
12/2/2023,1,1,4531748,28125352,0.002206654,0.000355551
13/2/2023,0,1,4531711,28125389,0,0.000355551
14/2/2023,0,0,4531648,28125452,0,0
15/2/2023,0,0,4531591,28125509,0,0
16/2/2023,0,0,4531512,28125588,0,0
17/2/2023,0,1,4531284,28125816,0,0.000355545
18/2/2023,1,0,4531136,28125964,0.002206952,0
19/2/2023,0,0,4531099,28126001,0,0
20/2/2023,0,0,4531038,28126062,0,0
21/2/2023,0,0,4530952,28126148,0,0
22/2/2023,0,0,4530892,28126208,0,0
23/2/2023,0,1,4530713,28126387,0,0.000355538
24/2/2023,1,0,4530459,28126641,0.002207282,0
25/2/2023,0,1,4530337,28126763,0,0.000355533
26/2/2023,0,3,4530290,28126810,0,0.001066598
27/2/2023,0,0,4530215,28126885,0,0
28/2/2023,0,3,4530146,28126954,0,0.001066593
1/3/2023,0,0,4530036,28127064,0,0
2/3/2023,0,0,4529970,28127130,0,0
3/3/2023,0,0,4529825,28127275,0,0
4/3/2023,1,0,4529727,28127373,0.002207639,0
5/3/2023,0,0,4529678,28127422,0,0
6/3/2023,0,0,4529637,28127463,0,0
7/3/2023,0,0,4529593,28127507,0,0
8/3/2023,0,1,4529539,28127561,0,0.000355523
9/3/2023,0,0,4529456,28127644,0,0
10/3/2023,0,0,4529359,28127741,0,0
11/3/2023,0,2,4529280,28127820,0,0.00071104
12/3/2023,0,0,4529232,28127868,0,0
13/3/2023,0,1,4529186,28127914,0,0.000355519
14/3/2023,1,0,4529151,28127949,0.002207919,0
15/3/2023,0,0,4529092,28128008,0,0
16/3/2023,0,1,4529010,28128090,0,0.000355516
17/3/2023,1,1,4528900,28128200,0.002208042,0.000355515
18/3/2023,0,0,4528822,28128278,0,0
19/3/2023,0,1,4528804,28128296,0,0.000355514
20/3/2023,0,0,4528772,28128328,0,0
21/3/2023,0,3,4528746,28128354,0,0.001066539
22/3/2023,0,1,4528656,28128444,0,0.000355512
23/3/2023,0,0,4528633,28128467,0,0
24/3/2023,0,0,4528548,28128552,0,0
25/3/2023,0,0,4528502,28128598,0,0
26/3/2023,0,1,4528470,28128630,0,0.00035551
27/3/2023,1,1,4528393,28128707,0.002208289,0.000355509
28/3/2023,0,0,4528358,28128742,0,0
29/3/2023,0,0,4528336,28128764,0,0
30/3/2023,0,3,4528294,28128806,0,0.001066522
31/3/2023,0,0,4528224,28128876,0,0
1/4/2023,0,2,4528176,28128924,0,0.000711012
2/4/2023,0,1,4528156,28128944,0,0.000355506
3/4/2023,1,1,4528117,28128983,0.002208424,0.000355505
4/4/2023,1,2,4528080,28129020,0.002208442,0.000711009
5/4/2023,0,2,4528047,28129053,0,0.000711009
6/4/2023,0,0,4527985,28129115,0,0
7/4/2023,0,0,4527939,28129161,0,0
8/4/2023,0,0,4527894,28129206,0,0
9/4/2023,1,1,4527872,28129228,0.002208543,0.000355502
10/4/2023,0,0,4527850,28129250,0,0
11/4/2023,0,1,4527817,28129283,0,0.000355501
12/4/2023,0,1,4527773,28129327,0,0.000355501
13/4/2023,0,0,4527732,28129368,0,0
14/4/2023,1,3,4527672,28129428,0.002208641,0.001066499
15/4/2023,0,1,4527634,28129466,0,0.000355499
16/4/2023,1,3,4527603,28129497,0.002208674,0.001066496
17/4/2023,1,1,4527540,28129560,0.002208705,0.000355498
18/4/2023,0,1,4527523,28129577,0,0.000355498
19/4/2023,0,1,4527499,28129601,0,0.000355497
20/4/2023,0,0,4527470,28129630,0,0
21/4/2023,1,1,4527429,28129671,0.002208759,0.000355497
22/4/2023,2,2,4527421,28129679,0.004417526,0.000710993
23/4/2023,1,1,4527412,28129688,0.002208767,0.000355496
24/4/2023,0,1,4527404,28129696,0,0.000355496
25/4/2023,1,4,4527390,28129710,0.002208778,0.001421984
26/4/2023,0,1,4527372,28129728,0,0.000355496
27/4/2023,0,1,4527358,28129742,0,0.000355496
28/4/2023,0,2,4527284,28129816,0,0.000710989
29/4/2023,0,5,4527212,28129888,0,0.001777469
30/4/2023,0,2,4527160,28129940,0,0.000710986
1/5/2023,0,3,4527129,28129971,0,0.001066478
2/5/2023,1,1,4527096,28130004,0.002208922,0.000355492
3/5/2023,0,2,4527071,28130029,0,0.000710984
4/5/2023,0,1,4527064,28130036,0,0.000355492
5/5/2023,0,2,4526961,28130139,0,0.000710981
6/5/2023,0,0,4526912,28130188,0,0
7/5/2023,1,4,4526890,28130210,0.002209022,0.001421959
8/5/2023,2,3,4526845,28130255,0.004418088,0.001066467
9/5/2023,1,7,4526583,28130517,0.002209172,0.002488401
10/5/2023,1,2,4526457,28130643,0.002209233,0.000710968
11/5/2023,1,0,4526416,28130684,0.002209253,0
12/5/2023,1,4,4526371,28130729,0.002209275,0.001421933
13/5/2023,0,0,4526312,28130788,0,0
14/5/2023,0,4,4526283,28130817,0,0.001421928
15/5/2023,1,4,4526264,28130836,0.002209328,0.001421927
16/5/2023,1,2,4526244,28130856,0.002209337,0.000710963
17/5/2023,1,2,4526226,28130874,0.002209346,0.000710963
18/5/2023,3,2,4526200,28130900,0.006628077,0.000710962
19/5/2023,0,0,4526163,28130937,0,0
20/5/2023,0,1,4526115,28130985,0,0.00035548
21/5/2023,1,3,4526095,28131005,0.00220941,0.001066439
22/5/2023,0,5,4526082,28131018,0,0.001777397
23/5/2023,1,1,4525848,28131252,0.002209531,0.000355477
24/5/2023,1,1,4525771,28131329,0.002209568,0.000355476
25/5/2023,1,2,4525538,28131562,0.002209682,0.000710945
26/5/2023,0,0,4525469,28131631,0,0
27/5/2023,0,4,4525428,28131672,0,0.001421885
28/5/2023,0,0,4525381,28131719,0,0
29/5/2023,1,0,4525364,28131736,0.002209767,0
30/5/2023,0,5,4525331,28131769,0,0.00177735
31/5/2023,0,1,4525209,28131891,0,0.000355468
1/6/2023,0,0,4525091,28132009,0,0
2/6/2023,2,0,4525025,28132075,0.004419865,0
3/6/2023,1,3,4524997,28132103,0.002209946,0.001066397
4/6/2023,0,0,4524930,28132170,0,0
5/6/2023,0,1,4524928,28132172,0,0.000355465
6/6/2023,0,1,4524917,28132183,0,0.000355465
7/6/2023,0,0,4524900,28132200,0,0
8/6/2023,0,2,4524869,28132231,0,0.000710928
9/6/2023,1,4,4524837,28132263,0.002210024,0.001421855
10/6/2023,0,1,4524822,28132278,0,0.000355464
11/6/2023,0,0,4524810,28132290,0,0
12/6/2023,0,3,4524797,28132303,0,0.00106639
13/6/2023,0,0,4524742,28132358,0,0
14/6/2023,0,0,4524690,28132410,0,0
15/6/2023,0,2,4524679,28132421,0,0.000710924
16/6/2023,0,0,4524640,28132460,0,0
17/6/2023,1,1,4524609,28132491,0.002210136,0.000355461
18/6/2023,0,2,4524594,28132506,0,0.000710921
19/6/2023,1,0,4524549,28132551,0.002210165,0
20/6/2023,2,0,4524519,28132581,0.004420359,0
21/6/2023,0,1,4524510,28132590,0,0.00035546
22/6/2023,0,1,4524502,28132598,0,0.00035546
23/6/2023,0,0,4524426,28132674,0,0
24/6/2023,0,0,4524406,28132694,0,0
25/6/2023,0,0,4524390,28132710,0,0
26/6/2023,0,1,4524380,28132720,0,0.000355458
27/6/2023,1,0,4524371,28132729,0.002210252,0
28/6/2023,0,0,4524356,28132744,0,0
29/6/2023,0,0,4524356,28132744,0,0
30/6/2023,0,0,4524339,28132761,0,0
1/7/2023,1,0,4524333,28132767,0.002210271,0
2/7/2023,0,0,4524332,28132768,0,0
3/7/2023,0,0,4524327,28132773,0,0
4/7/2023,0,0,4524317,28132783,0,0
5/7/2023,1,0,4524296,28132804,0.002210289,0
6/7/2023,0,2,4524273,28132827,0,0.000710913
7/7/2023,0,0,4524265,28132835,0,0
8/7/2023,0,0,4524258,28132842,0,0
9/7/2023,0,0,4524256,28132844,0,0
10/7/2023,0,0,4524245,28132855,0,0
11/7/2023,0,0,4524233,28132867,0,0
12/7/2023,0,0,4524223,28132877,0,0
13/7/2023,0,1,4524219,28132881,0,0.000355456
14/7/2023,0,0,4524218,28132882,0,0
15/7/2023,0,0,4524212,28132888,0,0
16/7/2023,0,0,4524211,28132889,0,0
17/7/2023,0,0,4524006,28133094,0,0
18/7/2023,0,0,4524000,28133100,0,0
19/7/2023,0,1,4523997,28133103,0,0.000355453
20/7/2023,0,1,4523989,28133111,0,0.000355453
21/7/2023,0,0,4523984,28133116,0,0
22/7/2023,0,0,4523982,28133118,0,0
23/7/2023,0,0,4523982,28133118,0,0
24/7/2023,0,0,4523979,28133121,0,0
25/7/2023,0,0,4523977,28133123,0,0
26/7/2023,0,0,4523953,28133147,0,0
27/7/2023,0,0,4523952,28133148,0,0
28/7/2023,0,0,4523942,28133158,0,0
29/7/2023,0,0,4523942,28133158,0,0
30/7/2023,1,0,4523937,28133163,0.002210464,0
31/7/2023,0,0,4523933,28133167,0,0
1/8/2023,0,0,4523927,28133173,0,0
2/8/2023,0,0,4523924,28133176,0,0
3/8/2023,0,0,4523922,28133178,0,0
4/8/2023,0,0,4523915,28133185,0,0
5/8/2023,0,0,4523914,28133186,0,0
6/8/2023,0,0,4523911,28133189,0,0
7/8/2023,0,0,4523908,28133192,0,0
8/8/2023,0,0,4523906,28133194,0,0
9/8/2023,0,0,4523902,28133198,0,0
10/8/2023,0,0,4523893,28133207,0,0
11/8/2023,0,0,4523879,28133221,0,0
12/8/2023,0,0,4523870,28133230,0,0
13/8/2023,0,0,4523867,28133233,0,0
14/8/2023,0,0,4523866,28133234,0,0
15/8/2023,0,0,4523866,28133234,0,0
16/8/2023,0,0,4523859,28133241,0,0
17/8/2023,0,0,4523846,28133254,0,0
18/8/2023,0,0,4523833,28133267,0,0
19/8/2023,0,0,4523826,28133274,0,0
20/8/2023,0,0,4523825,28133275,0,0
21/8/2023,0,0,4523821,28133279,0,0
22/8/2023,0,0,4523814,28133286,0,0
23/8/2023,0,0,4523807,28133293,0,0
24/8/2023,0,0,4523799,28133301,0,0
25/8/2023,0,0,4523772,28133328,0,0
26/8/2023,0,0,4523764,28133336,0,0
27/8/2023,0,0,4523761,28133339,0,0
28/8/2023,0,0,4523754,28133346,0,0
29/8/2023,0,0,4523748,28133352,0,0
30/8/2023,0,1,4523735,28133365,0,0.00035545
31/8/2023,0,0,4523731,28133369,0,0
1/9/2023,0,0,4523719,28133381,0,0
2/9/2023,0,1,4523709,28133391,0,0.00035545
3/9/2023,0,0,4523706,28133394,0,0
4/9/2023,0,0,4523700,28133400,0,0
5/9/2023,0,0,4523689,28133411,0,0
6/9/2023,0,1,4523671,28133429,0,0.000355449
7/9/2023,0,1,4523638,28133462,0,0.000355449
8/9/2023,0,0,4523625,28133475,0,0
9/9/2023,0,0,4523620,28133480,0,0
10/9/2023,0,0,4523618,28133482,0,0
11/9/2023,0,2,4523613,28133487,0,0.000710897
12/9/2023,0,1,4523608,28133492,0,0.000355448
13/9/2023,0,0,4523601,28133499,0,0
14/9/2023,0,0,4523577,28133523,0,0
15/9/2023,0,0,4523559,28133541,0,0
16/9/2023,0,0,4523557,28133543,0,0
17/9/2023,0,0,4523554,28133546,0,0
18/9/2023,0,0,4523548,28133552,0,0
19/9/2023,0,0,4523542,28133558,0,0
20/9/2023,0,0,4523536,28133564,0,0
21/9/2023,1,0,4523529,28133571,0.002210663,0
22/9/2023,0,0,4523507,28133593,0,0
23/9/2023,0,0,4523499,28133601,0,0
24/9/2023,0,1,4523491,28133609,0,0.000355447
25/9/2023,0,0,4523489,28133611,0,0
26/9/2023,0,1,4523485,28133615,0,0.000355447
27/9/2023,0,0,4523480,28133620,0,0
28/9/2023,0,0,4523477,28133623,0,0
29/9/2023,0,0,4523464,28133636,0,0
30/9/2023,0,0,4523455,28133645,0,0
